[
{
    "model": "admin.logentry",
    "pk": 1,
    "fields": {
        "action_time": "2026-06-25T05:36:51.991Z",
        "user": 1,
        "content_type": 8,
        "object_id": "1",
        "object_repr": "Fast Food",
        "action_flag": 1,
        "change_message": "[{\"added\": {}}]"
    }
},
{
    "model": "admin.logentry",
    "pk": 2,
    "fields": {
        "action_time": "2026-06-25T05:37:12.401Z",
        "user": 1,
        "content_type": 8,
        "object_id": "2",
        "object_repr": "National Food",
        "action_flag": 1,
        "change_message": "[{\"added\": {}}]"
    }
},
{
    "model": "admin.logentry",
    "pk": 3,
    "fields": {
        "action_time": "2026-06-25T05:37:35.173Z",
        "user": 1,
        "content_type": 8,
        "object_id": "3",
        "object_repr": "Pizza",
        "action_flag": 1,
        "change_message": "[{\"added\": {}}]"
    }
},
{
    "model": "admin.logentry",
    "pk": 4,
    "fields": {
        "action_time": "2026-06-25T05:49:38.787Z",
        "user": 1,
        "content_type": 8,
        "object_id": "3",
        "object_repr": "Coffee Shop",
        "action_flag": 2,
        "change_message": "[{\"changed\": {\"fields\": [\"Name\"]}}]"
    }
},
{
    "model": "admin.logentry",
    "pk": 5,
    "fields": {
        "action_time": "2026-06-25T05:49:51.887Z",
        "user": 1,
        "content_type": 8,
        "object_id": "4",
        "object_repr": "Bakery",
        "action_flag": 1,
        "change_message": "[{\"added\": {}}]"
    }
},
{
    "model": "admin.logentry",
    "pk": 6,
    "fields": {
        "action_time": "2026-06-25T05:49:55.845Z",
        "user": 1,
        "content_type": 8,
        "object_id": "4",
        "object_repr": "Bakery",
        "action_flag": 2,
        "change_message": "[{\"changed\": {\"fields\": [\"Sort order\"]}}]"
    }
},
{
    "model": "admin.logentry",
    "pk": 7,
    "fields": {
        "action_time": "2026-06-25T05:50:16.458Z",
        "user": 1,
        "content_type": 8,
        "object_id": "5",
        "object_repr": "Seafood",
        "action_flag": 1,
        "change_message": "[{\"added\": {}}]"
    }
},
{
    "model": "admin.logentry",
    "pk": 8,
    "fields": {
        "action_time": "2026-06-25T05:50:33.829Z",
        "user": 1,
        "content_type": 8,
        "object_id": "6",
        "object_repr": "Asian Food",
        "action_flag": 1,
        "change_message": "[{\"added\": {}}]"
    }
},
{
    "model": "admin.logentry",
    "pk": 9,
    "fields": {
        "action_time": "2026-06-25T05:50:46.667Z",
        "user": 1,
        "content_type": 8,
        "object_id": "7",
        "object_repr": "Italian Food",
        "action_flag": 1,
        "change_message": "[{\"added\": {}}]"
    }
},
{
    "model": "admin.logentry",
    "pk": 10,
    "fields": {
        "action_time": "2026-06-25T05:50:59.178Z",
        "user": 1,
        "content_type": 8,
        "object_id": "8",
        "object_repr": "Turkish Food",
        "action_flag": 1,
        "change_message": "[{\"added\": {}}]"
    }
},
{
    "model": "admin.logentry",
    "pk": 11,
    "fields": {
        "action_time": "2026-06-25T05:51:17.974Z",
        "user": 1,
        "content_type": 8,
        "object_id": "9",
        "object_repr": "Desserts",
        "action_flag": 1,
        "change_message": "[{\"added\": {}}]"
    }
},
{
    "model": "admin.logentry",
    "pk": 12,
    "fields": {
        "action_time": "2026-06-25T05:51:35.832Z",
        "user": 1,
        "content_type": 8,
        "object_id": "10",
        "object_repr": "Healthy Food",
        "action_flag": 1,
        "change_message": "[{\"added\": {}}]"
    }
},
{
    "model": "admin.logentry",
    "pk": 13,
    "fields": {
        "action_time": "2026-06-25T06:23:12.475Z",
        "user": 1,
        "content_type": 8,
        "object_id": "10",
        "object_repr": "Drinks & Beverages",
        "action_flag": 2,
        "change_message": "[{\"changed\": {\"fields\": [\"Name\"]}}]"
    }
},
{
    "model": "admin.logentry",
    "pk": 14,
    "fields": {
        "action_time": "2026-06-25T06:30:03.361Z",
        "user": 1,
        "content_type": 8,
        "object_id": "5",
        "object_repr": "Sushi",
        "action_flag": 2,
        "change_message": "[{\"changed\": {\"fields\": [\"Name\"]}}]"
    }
},
{
    "model": "admin.logentry",
    "pk": 15,
    "fields": {
        "action_time": "2026-06-25T06:40:03.396Z",
        "user": 1,
        "content_type": 11,
        "object_id": "9fb7768d-e623-4784-b76e-9bda885bd040",
        "object_repr": "Evos Premium",
        "action_flag": 1,
        "change_message": "[{\"added\": {}}]"
    }
},
{
    "model": "admin.logentry",
    "pk": 16,
    "fields": {
        "action_time": "2026-06-25T06:44:33.964Z",
        "user": 1,
        "content_type": 9,
        "object_id": "1",
        "object_repr": "Evos Premium -> Lavash & Wraps",
        "action_flag": 1,
        "change_message": "[{\"added\": {}}]"
    }
},
{
    "model": "admin.logentry",
    "pk": 17,
    "fields": {
        "action_time": "2026-06-25T06:47:04.545Z",
        "user": 1,
        "content_type": 10,
        "object_id": "1",
        "object_repr": "Classic Beef Lavash (ID: 1)",
        "action_flag": 1,
        "change_message": "[{\"added\": {}}]"
    }
},
{
    "model": "admin.logentry",
    "pk": 18,
    "fields": {
        "action_time": "2026-06-25T06:50:31.093Z",
        "user": 1,
        "content_type": 10,
        "object_id": "2",
        "object_repr": "Cheese Chicken Lavash (ID: 2)",
        "action_flag": 1,
        "change_message": "[{\"added\": {}}]"
    }
},
{
    "model": "admin.logentry",
    "pk": 19,
    "fields": {
        "action_time": "2026-06-25T06:51:16.365Z",
        "user": 1,
        "content_type": 9,
        "object_id": "2",
        "object_repr": "Evos Premium -> Burgers",
        "action_flag": 1,
        "change_message": "[{\"added\": {}}]"
    }
},
{
    "model": "admin.logentry",
    "pk": 20,
    "fields": {
        "action_time": "2026-06-25T06:51:42.092Z",
        "user": 1,
        "content_type": 9,
        "object_id": "3",
        "object_repr": "Evos Premium -> Sides & Fries",
        "action_flag": 1,
        "change_message": "[{\"added\": {}}]"
    }
},
{
    "model": "admin.logentry",
    "pk": 21,
    "fields": {
        "action_time": "2026-06-25T06:51:56.062Z",
        "user": 1,
        "content_type": 9,
        "object_id": "4",
        "object_repr": "Evos Premium -> Combo Boxes",
        "action_flag": 1,
        "change_message": "[{\"added\": {}}]"
    }
},
{
    "model": "admin.logentry",
    "pk": 22,
    "fields": {
        "action_time": "2026-06-25T06:52:09.575Z",
        "user": 1,
        "content_type": 9,
        "object_id": "5",
        "object_repr": "Evos Premium -> Beverages",
        "action_flag": 1,
        "change_message": "[{\"added\": {}}]"
    }
},
{
    "model": "admin.logentry",
    "pk": 23,
    "fields": {
        "action_time": "2026-06-25T06:53:57.466Z",
        "user": 1,
        "content_type": 10,
        "object_id": "3",
        "object_repr": "Cheeseburger Double (ID: 3)",
        "action_flag": 1,
        "change_message": "[{\"added\": {}}]"
    }
},
{
    "model": "admin.logentry",
    "pk": 24,
    "fields": {
        "action_time": "2026-06-25T06:57:50.870Z",
        "user": 1,
        "content_type": 10,
        "object_id": "4",
        "object_repr": "Chicken burger S (ID: 4)",
        "action_flag": 1,
        "change_message": "[{\"added\": {}}]"
    }
},
{
    "model": "admin.logentry",
    "pk": 25,
    "fields": {
        "action_time": "2026-06-25T07:04:05.857Z",
        "user": 1,
        "content_type": 10,
        "object_id": "5",
        "object_repr": "French fries M (ID: 5)",
        "action_flag": 1,
        "change_message": "[{\"added\": {}}]"
    }
},
{
    "model": "admin.logentry",
    "pk": 26,
    "fields": {
        "action_time": "2026-06-25T07:13:20.862Z",
        "user": 1,
        "content_type": 10,
        "object_id": "6",
        "object_repr": "Potatoes (ID: 6)",
        "action_flag": 1,
        "change_message": "[{\"added\": {}}]"
    }
},
{
    "model": "admin.logentry",
    "pk": 27,
    "fields": {
        "action_time": "2026-06-25T07:16:14.077Z",
        "user": 1,
        "content_type": 10,
        "object_id": "7",
        "object_repr": "Combo Box 1 (ID: 7)",
        "action_flag": 1,
        "change_message": "[{\"added\": {}}]"
    }
},
{
    "model": "admin.logentry",
    "pk": 28,
    "fields": {
        "action_time": "2026-06-25T07:17:48.219Z",
        "user": 1,
        "content_type": 10,
        "object_id": "8",
        "object_repr": "Combo 2 (ID: 8)",
        "action_flag": 1,
        "change_message": "[{\"added\": {}}]"
    }
},
{
    "model": "admin.logentry",
    "pk": 29,
    "fields": {
        "action_time": "2026-06-25T07:20:47.742Z",
        "user": 1,
        "content_type": 10,
        "object_id": "9",
        "object_repr": "Pepsi (ID: 9)",
        "action_flag": 1,
        "change_message": "[{\"added\": {}}]"
    }
},
{
    "model": "admin.logentry",
    "pk": 30,
    "fields": {
        "action_time": "2026-06-25T07:29:06.788Z",
        "user": 1,
        "content_type": 10,
        "object_id": "10",
        "object_repr": "7up razliv (ID: 10)",
        "action_flag": 1,
        "change_message": "[{\"added\": {}}]"
    }
},
{
    "model": "admin.logentry",
    "pk": 31,
    "fields": {
        "action_time": "2026-06-25T07:36:56.154Z",
        "user": 1,
        "content_type": 11,
        "object_id": "9fb7768d-e623-4784-b76e-9bda885bd040",
        "object_repr": "Evos Premium",
        "action_flag": 2,
        "change_message": "[{\"changed\": {\"fields\": [\"Categories\"]}}]"
    }
},
{
    "model": "admin.logentry",
    "pk": 32,
    "fields": {
        "action_time": "2026-06-25T07:40:57.186Z",
        "user": 1,
        "content_type": 11,
        "object_id": "cab5895b-00ff-4d69-b924-55df6f626c17",
        "object_repr": "Rayhon National Restaurant",
        "action_flag": 1,
        "change_message": "[{\"added\": {}}]"
    }
},
{
    "model": "admin.logentry",
    "pk": 33,
    "fields": {
        "action_time": "2026-06-25T07:43:29.742Z",
        "user": 1,
        "content_type": 11,
        "object_id": "cf685e7c-67e4-4b66-bf5d-6507c839692e",
        "object_repr": "Safia Cafe & Bakery",
        "action_flag": 1,
        "change_message": "[{\"added\": {}}]"
    }
},
{
    "model": "admin.logentry",
    "pk": 34,
    "fields": {
        "action_time": "2026-06-25T07:48:46.934Z",
        "user": 1,
        "content_type": 11,
        "object_id": "b640d6eb-43c8-403d-8889-7552471933cd",
        "object_repr": "Coffee Boom",
        "action_flag": 1,
        "change_message": "[{\"added\": {}}]"
    }
},
{
    "model": "admin.logentry",
    "pk": 35,
    "fields": {
        "action_time": "2026-06-25T07:54:22.190Z",
        "user": 1,
        "content_type": 11,
        "object_id": "ff3f081b-3f63-41d1-9d55-c37bc2cbb13c",
        "object_repr": "Yapona mama",
        "action_flag": 1,
        "change_message": "[{\"added\": {}}]"
    }
},
{
    "model": "admin.logentry",
    "pk": 36,
    "fields": {
        "action_time": "2026-06-25T08:04:33.438Z",
        "user": 1,
        "content_type": 11,
        "object_id": "1aedd985-e729-47ee-af9d-727c8ac8a5c8",
        "object_repr": "Wok Lagman House",
        "action_flag": 1,
        "change_message": "[{\"added\": {}}]"
    }
},
{
    "model": "admin.logentry",
    "pk": 37,
    "fields": {
        "action_time": "2026-06-25T08:08:39.921Z",
        "user": 1,
        "content_type": 11,
        "object_id": "82c5dc7d-7d27-411c-86c7-83cc1bc935d0",
        "object_repr": "Bella Italia Pizzeria",
        "action_flag": 1,
        "change_message": "[{\"added\": {}}]"
    }
},
{
    "model": "admin.logentry",
    "pk": 38,
    "fields": {
        "action_time": "2026-06-25T08:10:49.069Z",
        "user": 1,
        "content_type": 11,
        "object_id": "60dc5be6-867b-4ed9-ac79-847c8a5e3f4d",
        "object_repr": "Istanbul Kebab & Lounge",
        "action_flag": 1,
        "change_message": "[{\"added\": {}}]"
    }
},
{
    "model": "admin.logentry",
    "pk": 39,
    "fields": {
        "action_time": "2026-06-25T08:12:56.367Z",
        "user": 1,
        "content_type": 11,
        "object_id": "1ca6cec2-9578-4551-8b27-6bad06512771",
        "object_repr": "Gelato & Sweet Treats",
        "action_flag": 1,
        "change_message": "[{\"added\": {}}]"
    }
},
{
    "model": "admin.logentry",
    "pk": 40,
    "fields": {
        "action_time": "2026-06-25T08:16:12.444Z",
        "user": 1,
        "content_type": 11,
        "object_id": "63a5fbf4-3b6f-4a8c-8b9e-668b86ed6a0e",
        "object_repr": "Glow Juice & Bubble Tea Bar",
        "action_flag": 1,
        "change_message": "[{\"added\": {}}]"
    }
},
{
    "model": "admin.logentry",
    "pk": 41,
    "fields": {
        "action_time": "2026-06-25T08:18:12.255Z",
        "user": 1,
        "content_type": 9,
        "object_id": "6",
        "object_repr": "Glow Juice & Bubble Tea Bar -> Freshly Squeezed Juices",
        "action_flag": 1,
        "change_message": "[{\"added\": {}}]"
    }
},
{
    "model": "admin.logentry",
    "pk": 42,
    "fields": {
        "action_time": "2026-06-25T08:18:30.682Z",
        "user": 1,
        "content_type": 9,
        "object_id": "7",
        "object_repr": "Glow Juice & Bubble Tea Bar -> Citrus Boost",
        "action_flag": 1,
        "change_message": "[{\"added\": {}}]"
    }
},
{
    "model": "admin.logentry",
    "pk": 43,
    "fields": {
        "action_time": "2026-06-25T08:20:20.412Z",
        "user": 1,
        "content_type": 9,
        "object_id": "8",
        "object_repr": "Glow Juice & Bubble Tea Bar -> Signature Bubble Teas",
        "action_flag": 1,
        "change_message": "[{\"added\": {}}]"
    }
},
{
    "model": "admin.logentry",
    "pk": 44,
    "fields": {
        "action_time": "2026-06-25T08:20:49.728Z",
        "user": 1,
        "content_type": 9,
        "object_id": "9",
        "object_repr": "Glow Juice & Bubble Tea Bar -> Iced Coffees & Frappes",
        "action_flag": 1,
        "change_message": "[{\"added\": {}}]"
    }
},
{
    "model": "admin.logentry",
    "pk": 45,
    "fields": {
        "action_time": "2026-06-25T08:21:15.369Z",
        "user": 1,
        "content_type": 9,
        "object_id": "10",
        "object_repr": "Glow Juice & Bubble Tea Bar -> Ginger Wellness Shots",
        "action_flag": 1,
        "change_message": "[{\"added\": {}}]"
    }
},
{
    "model": "admin.logentry",
    "pk": 46,
    "fields": {
        "action_time": "2026-06-25T08:21:48.095Z",
        "user": 1,
        "content_type": 9,
        "object_id": "6",
        "object_repr": "Glow Juice & Bubble Tea Bar -> Freshly Squeezed Juices",
        "action_flag": 2,
        "change_message": "[{\"changed\": {\"fields\": [\"Sort order\"]}}]"
    }
},
{
    "model": "admin.logentry",
    "pk": 47,
    "fields": {
        "action_time": "2026-06-25T08:21:53.173Z",
        "user": 1,
        "content_type": 9,
        "object_id": "7",
        "object_repr": "Glow Juice & Bubble Tea Bar -> Citrus Boost",
        "action_flag": 2,
        "change_message": "[{\"changed\": {\"fields\": [\"Sort order\"]}}]"
    }
},
{
    "model": "admin.logentry",
    "pk": 48,
    "fields": {
        "action_time": "2026-06-25T08:21:57.402Z",
        "user": 1,
        "content_type": 9,
        "object_id": "8",
        "object_repr": "Glow Juice & Bubble Tea Bar -> Signature Bubble Teas",
        "action_flag": 2,
        "change_message": "[{\"changed\": {\"fields\": [\"Sort order\"]}}]"
    }
},
{
    "model": "admin.logentry",
    "pk": 49,
    "fields": {
        "action_time": "2026-06-25T08:22:00.735Z",
        "user": 1,
        "content_type": 9,
        "object_id": "9",
        "object_repr": "Glow Juice & Bubble Tea Bar -> Iced Coffees & Frappes",
        "action_flag": 2,
        "change_message": "[{\"changed\": {\"fields\": [\"Sort order\"]}}]"
    }
},
{
    "model": "admin.logentry",
    "pk": 50,
    "fields": {
        "action_time": "2026-06-25T08:22:05.008Z",
        "user": 1,
        "content_type": 9,
        "object_id": "10",
        "object_repr": "Glow Juice & Bubble Tea Bar -> Ginger Wellness Shots",
        "action_flag": 2,
        "change_message": "[{\"changed\": {\"fields\": [\"Sort order\"]}}]"
    }
},
{
    "model": "admin.logentry",
    "pk": 51,
    "fields": {
        "action_time": "2026-06-25T08:22:09.675Z",
        "user": 1,
        "content_type": 9,
        "object_id": "6",
        "object_repr": "Glow Juice & Bubble Tea Bar -> Freshly Squeezed Juices",
        "action_flag": 2,
        "change_message": "[]"
    }
},
{
    "model": "admin.logentry",
    "pk": 52,
    "fields": {
        "action_time": "2026-06-25T08:23:57.418Z",
        "user": 1,
        "content_type": 9,
        "object_id": "11",
        "object_repr": "Rayhon National Restaurant -> Main Courses",
        "action_flag": 1,
        "change_message": "[{\"added\": {}}]"
    }
},
{
    "model": "admin.logentry",
    "pk": 53,
    "fields": {
        "action_time": "2026-06-25T08:24:14.485Z",
        "user": 1,
        "content_type": 9,
        "object_id": "12",
        "object_repr": "Rayhon National Restaurant -> Kebabs & Shashlik",
        "action_flag": 1,
        "change_message": "[{\"added\": {}}]"
    }
},
{
    "model": "admin.logentry",
    "pk": 54,
    "fields": {
        "action_time": "2026-06-25T08:24:34.459Z",
        "user": 1,
        "content_type": 9,
        "object_id": "13",
        "object_repr": "Rayhon National Restaurant -> Traditional Soups",
        "action_flag": 1,
        "change_message": "[{\"added\": {}}]"
    }
},
{
    "model": "admin.logentry",
    "pk": 55,
    "fields": {
        "action_time": "2026-06-25T08:24:48.170Z",
        "user": 1,
        "content_type": 9,
        "object_id": "14",
        "object_repr": "Rayhon National Restaurant -> Fresh Salads",
        "action_flag": 1,
        "change_message": "[{\"added\": {}}]"
    }
},
{
    "model": "admin.logentry",
    "pk": 56,
    "fields": {
        "action_time": "2026-06-25T08:25:05.430Z",
        "user": 1,
        "content_type": 9,
        "object_id": "15",
        "object_repr": "Rayhon National Restaurant -> Breads & Somsas",
        "action_flag": 1,
        "change_message": "[{\"added\": {}}]"
    }
},
{
    "model": "admin.logentry",
    "pk": 57,
    "fields": {
        "action_time": "2026-06-25T08:25:35.660Z",
        "user": 1,
        "content_type": 9,
        "object_id": "16",
        "object_repr": "Coffee Boom -> Espresso Bar",
        "action_flag": 1,
        "change_message": "[{\"added\": {}}]"
    }
},
{
    "model": "admin.logentry",
    "pk": 58,
    "fields": {
        "action_time": "2026-06-25T08:25:49.485Z",
        "user": 1,
        "content_type": 9,
        "object_id": "17",
        "object_repr": "Coffee Boom -> Iced & Cold Brews",
        "action_flag": 1,
        "change_message": "[{\"added\": {}}]"
    }
},
{
    "model": "admin.logentry",
    "pk": 59,
    "fields": {
        "action_time": "2026-06-25T08:26:09.132Z",
        "user": 1,
        "content_type": 9,
        "object_id": "18",
        "object_repr": "Coffee Boom -> All-Day Breakfast",
        "action_flag": 1,
        "change_message": "[{\"added\": {}}]"
    }
},
{
    "model": "admin.logentry",
    "pk": 60,
    "fields": {
        "action_time": "2026-06-25T08:26:37.901Z",
        "user": 1,
        "content_type": 9,
        "object_id": "19",
        "object_repr": "Coffee Boom -> Sandwiches & Paninis",
        "action_flag": 1,
        "change_message": "[{\"added\": {}}]"
    }
},
{
    "model": "admin.logentry",
    "pk": 61,
    "fields": {
        "action_time": "2026-06-25T08:26:57.542Z",
        "user": 1,
        "content_type": 9,
        "object_id": "20",
        "object_repr": "Coffee Boom -> Signature Mocktails",
        "action_flag": 1,
        "change_message": "[{\"added\": {}}]"
    }
},
{
    "model": "admin.logentry",
    "pk": 62,
    "fields": {
        "action_time": "2026-06-25T08:27:24.248Z",
        "user": 1,
        "content_type": 9,
        "object_id": "21",
        "object_repr": "Safia Cafe & Bakery -> Croissants & Danishes",
        "action_flag": 1,
        "change_message": "[{\"added\": {}}]"
    }
},
{
    "model": "admin.logentry",
    "pk": 63,
    "fields": {
        "action_time": "2026-06-25T08:27:36.816Z",
        "user": 1,
        "content_type": 9,
        "object_id": "22",
        "object_repr": "Safia Cafe & Bakery -> Cake Slices",
        "action_flag": 1,
        "change_message": "[{\"added\": {}}]"
    }
},
{
    "model": "admin.logentry",
    "pk": 64,
    "fields": {
        "action_time": "2026-06-25T08:27:50.465Z",
        "user": 1,
        "content_type": 9,
        "object_id": "23",
        "object_repr": "Safia Cafe & Bakery -> Eclairs & Tartlets",
        "action_flag": 1,
        "change_message": "[{\"added\": {}}]"
    }
},
{
    "model": "admin.logentry",
    "pk": 65,
    "fields": {
        "action_time": "2026-06-25T08:28:04.032Z",
        "user": 1,
        "content_type": 9,
        "object_id": "24",
        "object_repr": "Safia Cafe & Bakery -> Cookies & Macarons",
        "action_flag": 1,
        "change_message": "[{\"added\": {}}]"
    }
},
{
    "model": "admin.logentry",
    "pk": 66,
    "fields": {
        "action_time": "2026-06-25T08:28:17.068Z",
        "user": 1,
        "content_type": 9,
        "object_id": "25",
        "object_repr": "Safia Cafe & Bakery -> Breads & Loaves",
        "action_flag": 1,
        "change_message": "[{\"added\": {}}]"
    }
},
{
    "model": "admin.logentry",
    "pk": 67,
    "fields": {
        "action_time": "2026-06-25T08:29:13.204Z",
        "user": 1,
        "content_type": 9,
        "object_id": "26",
        "object_repr": "Yapona mama -> Classic Maki Rolls",
        "action_flag": 1,
        "change_message": "[{\"added\": {}}]"
    }
},
{
    "model": "admin.logentry",
    "pk": 68,
    "fields": {
        "action_time": "2026-06-25T08:29:26.852Z",
        "user": 1,
        "content_type": 9,
        "object_id": "27",
        "object_repr": "Yapona mama -> Premium Baked Rolls",
        "action_flag": 1,
        "change_message": "[{\"added\": {}}]"
    }
},
{
    "model": "admin.logentry",
    "pk": 69,
    "fields": {
        "action_time": "2026-06-25T08:29:38.733Z",
        "user": 1,
        "content_type": 9,
        "object_id": "28",
        "object_repr": "Yapona mama -> Nigiri & Sashimi",
        "action_flag": 1,
        "change_message": "[{\"added\": {}}]"
    }
},
{
    "model": "admin.logentry",
    "pk": 70,
    "fields": {
        "action_time": "2026-06-25T08:29:51.280Z",
        "user": 1,
        "content_type": 9,
        "object_id": "29",
        "object_repr": "Yapona mama -> Ramen & Noodles",
        "action_flag": 1,
        "change_message": "[{\"added\": {}}]"
    }
},
{
    "model": "admin.logentry",
    "pk": 71,
    "fields": {
        "action_time": "2026-06-25T08:30:05.644Z",
        "user": 1,
        "content_type": 9,
        "object_id": "30",
        "object_repr": "Yapona mama -> Appetizers & Edamame",
        "action_flag": 1,
        "change_message": "[{\"added\": {}}]"
    }
},
{
    "model": "admin.logentry",
    "pk": 72,
    "fields": {
        "action_time": "2026-06-25T08:30:25.641Z",
        "user": 1,
        "content_type": 9,
        "object_id": "31",
        "object_repr": "Wok Lagman House -> Hand-Pulled Lagman",
        "action_flag": 1,
        "change_message": "[{\"added\": {}}]"
    }
},
{
    "model": "admin.logentry",
    "pk": 73,
    "fields": {
        "action_time": "2026-06-25T08:30:41.295Z",
        "user": 1,
        "content_type": 9,
        "object_id": "32",
        "object_repr": "Wok Lagman House -> Wok Stir-Fry Noodles",
        "action_flag": 1,
        "change_message": "[{\"added\": {}}]"
    }
},
{
    "model": "admin.logentry",
    "pk": 74,
    "fields": {
        "action_time": "2026-06-25T08:30:55.203Z",
        "user": 1,
        "content_type": 9,
        "object_id": "33",
        "object_repr": "Wok Lagman House -> Dim Sum & Dumplings",
        "action_flag": 1,
        "change_message": "[{\"added\": {}}]"
    }
},
{
    "model": "admin.logentry",
    "pk": 75,
    "fields": {
        "action_time": "2026-06-25T08:31:19.108Z",
        "user": 1,
        "content_type": 9,
        "object_id": "34",
        "object_repr": "Wok Lagman House -> Spicy Asian Rice",
        "action_flag": 1,
        "change_message": "[{\"added\": {}}]"
    }
},
{
    "model": "admin.logentry",
    "pk": 76,
    "fields": {
        "action_time": "2026-06-25T08:31:32.881Z",
        "user": 1,
        "content_type": 9,
        "object_id": "35",
        "object_repr": "Yapona mama -> Traditional Teas",
        "action_flag": 1,
        "change_message": "[{\"added\": {}}]"
    }
},
{
    "model": "admin.logentry",
    "pk": 77,
    "fields": {
        "action_time": "2026-06-25T08:32:14.679Z",
        "user": 1,
        "content_type": 9,
        "object_id": "36",
        "object_repr": "Bella Italia Pizzeria -> Wood-Fired Pizza",
        "action_flag": 1,
        "change_message": "[{\"added\": {}}]"
    }
},
{
    "model": "admin.logentry",
    "pk": 78,
    "fields": {
        "action_time": "2026-06-25T08:32:31.727Z",
        "user": 1,
        "content_type": 9,
        "object_id": "37",
        "object_repr": "Bella Italia Pizzeria -> Handmade Pasta",
        "action_flag": 1,
        "change_message": "[{\"added\": {}}]"
    }
},
{
    "model": "admin.logentry",
    "pk": 79,
    "fields": {
        "action_time": "2026-06-25T08:32:50.984Z",
        "user": 1,
        "content_type": 9,
        "object_id": "38",
        "object_repr": "Bella Italia Pizzeria -> Risottos",
        "action_flag": 1,
        "change_message": "[{\"added\": {}}]"
    }
},
{
    "model": "admin.logentry",
    "pk": 80,
    "fields": {
        "action_time": "2026-06-25T08:33:10.702Z",
        "user": 1,
        "content_type": 9,
        "object_id": "39",
        "object_repr": "Bella Italia Pizzeria -> Appetizers & Bruschetta",
        "action_flag": 1,
        "change_message": "[{\"added\": {}}]"
    }
},
{
    "model": "admin.logentry",
    "pk": 81,
    "fields": {
        "action_time": "2026-06-25T08:33:48.494Z",
        "user": 1,
        "content_type": 9,
        "object_id": "40",
        "object_repr": "Bella Italia Pizzeria -> Salads & Greens",
        "action_flag": 1,
        "change_message": "[{\"added\": {}}]"
    }
},
{
    "model": "admin.logentry",
    "pk": 82,
    "fields": {
        "action_time": "2026-06-25T08:34:36.447Z",
        "user": 1,
        "content_type": 9,
        "object_id": "41",
        "object_repr": "Istanbul Kebab & Lounge -> Turkish Steaks & Meats",
        "action_flag": 1,
        "change_message": "[{\"added\": {}}]"
    }
},
{
    "model": "admin.logentry",
    "pk": 83,
    "fields": {
        "action_time": "2026-06-25T08:34:51.091Z",
        "user": 1,
        "content_type": 9,
        "object_id": "42",
        "object_repr": "Istanbul Kebab & Lounge -> Doner & Pide",
        "action_flag": 1,
        "change_message": "[{\"added\": {}}]"
    }
},
{
    "model": "admin.logentry",
    "pk": 84,
    "fields": {
        "action_time": "2026-06-25T08:35:19.298Z",
        "user": 1,
        "content_type": 9,
        "object_id": "43",
        "object_repr": "Istanbul Kebab & Lounge -> Meze Platters / Starters",
        "action_flag": 1,
        "change_message": "[{\"added\": {}}]"
    }
},
{
    "model": "admin.logentry",
    "pk": 85,
    "fields": {
        "action_time": "2026-06-25T08:35:33.186Z",
        "user": 1,
        "content_type": 9,
        "object_id": "44",
        "object_repr": "Istanbul Kebab & Lounge -> Turkish Desserts",
        "action_flag": 1,
        "change_message": "[{\"added\": {}}]"
    }
},
{
    "model": "admin.logentry",
    "pk": 86,
    "fields": {
        "action_time": "2026-06-25T08:35:49.081Z",
        "user": 1,
        "content_type": 9,
        "object_id": "45",
        "object_repr": "Istanbul Kebab & Lounge -> Ayran & Beverages",
        "action_flag": 1,
        "change_message": "[{\"added\": {}}]"
    }
},
{
    "model": "admin.logentry",
    "pk": 87,
    "fields": {
        "action_time": "2026-06-25T08:36:21.399Z",
        "user": 1,
        "content_type": 9,
        "object_id": "46",
        "object_repr": "Gelato & Sweet Treats -> Artisanal Gelato",
        "action_flag": 1,
        "change_message": "[{\"added\": {}}]"
    }
},
{
    "model": "admin.logentry",
    "pk": 88,
    "fields": {
        "action_time": "2026-06-25T08:36:38.427Z",
        "user": 1,
        "content_type": 9,
        "object_id": "47",
        "object_repr": "Gelato & Sweet Treats -> Belgian Waffles",
        "action_flag": 1,
        "change_message": "[{\"added\": {}}]"
    }
},
{
    "model": "admin.logentry",
    "pk": 89,
    "fields": {
        "action_time": "2026-06-25T08:36:50.796Z",
        "user": 1,
        "content_type": 9,
        "object_id": "48",
        "object_repr": "Gelato & Sweet Treats -> Sweet Crepes",
        "action_flag": 1,
        "change_message": "[{\"added\": {}}]"
    }
},
{
    "model": "admin.logentry",
    "pk": 90,
    "fields": {
        "action_time": "2026-06-25T08:37:04.815Z",
        "user": 1,
        "content_type": 9,
        "object_id": "49",
        "object_repr": "Gelato & Sweet Treats -> Milkshakes & Sundaes",
        "action_flag": 1,
        "change_message": "[{\"added\": {}}]"
    }
},
{
    "model": "admin.logentry",
    "pk": 91,
    "fields": {
        "action_time": "2026-06-25T08:37:23.729Z",
        "user": 1,
        "content_type": 9,
        "object_id": "50",
        "object_repr": "Gelato & Sweet Treats -> Hot Chocolate & Coffee",
        "action_flag": 1,
        "change_message": "[{\"added\": {}}]"
    }
},
{
    "model": "admin.logentry",
    "pk": 92,
    "fields": {
        "action_time": "2026-06-25T08:43:25.063Z",
        "user": 1,
        "content_type": 10,
        "object_id": "11",
        "object_repr": "Wedding Palov (ID: 11)",
        "action_flag": 1,
        "change_message": "[{\"added\": {}}]"
    }
},
{
    "model": "admin.logentry",
    "pk": 93,
    "fields": {
        "action_time": "2026-06-25T09:51:09.812Z",
        "user": 1,
        "content_type": 10,
        "object_id": "12",
        "object_repr": "Special Kazan Kebab (ID: 12)",
        "action_flag": 1,
        "change_message": "[{\"added\": {}}]"
    }
},
{
    "model": "admin.logentry",
    "pk": 94,
    "fields": {
        "action_time": "2026-06-25T09:54:07.890Z",
        "user": 1,
        "content_type": 10,
        "object_id": "13",
        "object_repr": "Ground Beef Shashlik (ID: 13)",
        "action_flag": 1,
        "change_message": "[{\"added\": {}}]"
    }
},
{
    "model": "admin.logentry",
    "pk": 95,
    "fields": {
        "action_time": "2026-06-25T09:55:45.516Z",
        "user": 1,
        "content_type": 10,
        "object_id": "14",
        "object_repr": "Chunck Beef Shashlik (ID: 14)",
        "action_flag": 1,
        "change_message": "[{\"added\": {}}]"
    }
},
{
    "model": "admin.logentry",
    "pk": 96,
    "fields": {
        "action_time": "2026-06-25T09:57:33.573Z",
        "user": 1,
        "content_type": 10,
        "object_id": "15",
        "object_repr": "Meat Shurpa (ID: 15)",
        "action_flag": 1,
        "change_message": "[{\"added\": {}}]"
    }
},
{
    "model": "admin.logentry",
    "pk": 97,
    "fields": {
        "action_time": "2026-06-25T09:58:56.235Z",
        "user": 1,
        "content_type": 10,
        "object_id": "16",
        "object_repr": "Mastava (ID: 16)",
        "action_flag": 1,
        "change_message": "[{\"added\": {}}]"
    }
},
{
    "model": "admin.logentry",
    "pk": 98,
    "fields": {
        "action_time": "2026-06-25T10:00:29.997Z",
        "user": 1,
        "content_type": 10,
        "object_id": "17",
        "object_repr": "Achichuk Salad (ID: 17)",
        "action_flag": 1,
        "change_message": "[{\"added\": {}}]"
    }
},
{
    "model": "admin.logentry",
    "pk": 99,
    "fields": {
        "action_time": "2026-06-25T10:02:00.084Z",
        "user": 1,
        "content_type": 10,
        "object_id": "18",
        "object_repr": "Olivier Salad (ID: 18)",
        "action_flag": 1,
        "change_message": "[{\"added\": {}}]"
    }
},
{
    "model": "admin.logentry",
    "pk": 100,
    "fields": {
        "action_time": "2026-06-25T10:04:08.379Z",
        "user": 1,
        "content_type": 10,
        "object_id": "19",
        "object_repr": "Breads & Somsas (ID: 19)",
        "action_flag": 1,
        "change_message": "[{\"added\": {}}]"
    }
},
{
    "model": "admin.logentry",
    "pk": 101,
    "fields": {
        "action_time": "2026-06-25T10:05:35.420Z",
        "user": 1,
        "content_type": 10,
        "object_id": "20",
        "object_repr": "Beef Tandir Somsa (ID: 20)",
        "action_flag": 1,
        "change_message": "[{\"added\": {}}]"
    }
},
{
    "model": "admin.logentry",
    "pk": 102,
    "fields": {
        "action_time": "2026-06-25T10:08:32.272Z",
        "user": 1,
        "content_type": 10,
        "object_id": "21",
        "object_repr": "Cappuccino 300ml (ID: 21)",
        "action_flag": 1,
        "change_message": "[{\"added\": {}}]"
    }
},
{
    "model": "admin.logentry",
    "pk": 103,
    "fields": {
        "action_time": "2026-06-25T10:11:00.684Z",
        "user": 1,
        "content_type": 10,
        "object_id": "22",
        "object_repr": "Americano (ID: 22)",
        "action_flag": 1,
        "change_message": "[{\"added\": {}}]"
    }
},
{
    "model": "admin.logentry",
    "pk": 104,
    "fields": {
        "action_time": "2026-06-25T10:12:26.566Z",
        "user": 1,
        "content_type": 10,
        "object_id": "23",
        "object_repr": "Iced Americano\" (ID: 23)",
        "action_flag": 1,
        "change_message": "[{\"added\": {}}]"
    }
},
{
    "model": "admin.logentry",
    "pk": 105,
    "fields": {
        "action_time": "2026-06-25T10:22:43.215Z",
        "user": 1,
        "content_type": 10,
        "object_id": "24",
        "object_repr": "Bumble Coffee (ID: 24)",
        "action_flag": 1,
        "change_message": "[{\"added\": {}}]"
    }
},
{
    "model": "admin.logentry",
    "pk": 106,
    "fields": {
        "action_time": "2026-06-25T10:25:30.851Z",
        "user": 1,
        "content_type": 10,
        "object_id": "25",
        "object_repr": "English Breakfast (ID: 25)",
        "action_flag": 1,
        "change_message": "[{\"added\": {}}]"
    }
},
{
    "model": "admin.logentry",
    "pk": 107,
    "fields": {
        "action_time": "2026-06-25T10:26:53.861Z",
        "user": 1,
        "content_type": 10,
        "object_id": "26",
        "object_repr": "Syrniki with Jam (3 pcs) (ID: 26)",
        "action_flag": 1,
        "change_message": "[{\"added\": {}}]"
    }
},
{
    "model": "admin.logentry",
    "pk": 108,
    "fields": {
        "action_time": "2026-06-25T10:29:45.690Z",
        "user": 1,
        "content_type": 10,
        "object_id": "27",
        "object_repr": "Club Sandwich with Fries (ID: 27)",
        "action_flag": 1,
        "change_message": "[{\"added\": {}}]"
    }
},
{
    "model": "admin.logentry",
    "pk": 109,
    "fields": {
        "action_time": "2026-06-25T10:32:15.648Z",
        "user": 1,
        "content_type": 10,
        "object_id": "28",
        "object_repr": "Tuna Panini (ID: 28)",
        "action_flag": 1,
        "change_message": "[{\"added\": {}}]"
    }
},
{
    "model": "admin.logentry",
    "pk": 110,
    "fields": {
        "action_time": "2026-06-25T10:33:52.228Z",
        "user": 1,
        "content_type": 10,
        "object_id": "29",
        "object_repr": "Classic Mojito (ID: 29)",
        "action_flag": 1,
        "change_message": "[{\"added\": {}}]"
    }
},
{
    "model": "admin.logentry",
    "pk": 111,
    "fields": {
        "action_time": "2026-06-25T10:36:16.202Z",
        "user": 1,
        "content_type": 10,
        "object_id": "30",
        "object_repr": "Strawberry Lemonade (ID: 30)",
        "action_flag": 1,
        "change_message": "[{\"added\": {}}]"
    }
},
{
    "model": "admin.logentry",
    "pk": 112,
    "fields": {
        "action_time": "2026-06-25T10:46:03.712Z",
        "user": 1,
        "content_type": 10,
        "object_id": "31",
        "object_repr": "Butter Croissant (ID: 31)",
        "action_flag": 1,
        "change_message": "[{\"added\": {}}]"
    }
},
{
    "model": "admin.logentry",
    "pk": 113,
    "fields": {
        "action_time": "2026-06-25T10:47:18.129Z",
        "user": 1,
        "content_type": 10,
        "object_id": "32",
        "object_repr": "Almond Croissant (ID: 32)",
        "action_flag": 1,
        "change_message": "[{\"added\": {}}]"
    }
},
{
    "model": "admin.logentry",
    "pk": 114,
    "fields": {
        "action_time": "2026-06-25T10:48:32.563Z",
        "user": 1,
        "content_type": 10,
        "object_id": "33",
        "object_repr": "Red Velvet Slice (ID: 33)",
        "action_flag": 1,
        "change_message": "[{\"added\": {}}]"
    }
},
{
    "model": "admin.logentry",
    "pk": 115,
    "fields": {
        "action_time": "2026-06-25T10:50:07.622Z",
        "user": 1,
        "content_type": 10,
        "object_id": "34",
        "object_repr": "San Sebastian Cheesecake (ID: 34)",
        "action_flag": 1,
        "change_message": "[{\"added\": {}}]"
    }
},
{
    "model": "admin.logentry",
    "pk": 116,
    "fields": {
        "action_time": "2026-06-25T10:59:31.961Z",
        "user": 1,
        "content_type": 10,
        "object_id": "35",
        "object_repr": "Classic Vanilla Eclair (ID: 35)",
        "action_flag": 1,
        "change_message": "[{\"added\": {}}]"
    }
},
{
    "model": "admin.logentry",
    "pk": 117,
    "fields": {
        "action_time": "2026-06-25T11:00:53.791Z",
        "user": 1,
        "content_type": 10,
        "object_id": "36",
        "object_repr": "Pistachio Eclair (ID: 36)",
        "action_flag": 1,
        "change_message": "[{\"added\": {}}]"
    }
},
{
    "model": "admin.logentry",
    "pk": 118,
    "fields": {
        "action_time": "2026-06-25T11:02:38.182Z",
        "user": 1,
        "content_type": 10,
        "object_id": "37",
        "object_repr": "Macaron Box (3 pcs) (ID: 37)",
        "action_flag": 1,
        "change_message": "[{\"added\": {}}]"
    }
},
{
    "model": "admin.logentry",
    "pk": 119,
    "fields": {
        "action_time": "2026-06-25T11:03:59.255Z",
        "user": 1,
        "content_type": 10,
        "object_id": "38",
        "object_repr": "Chocolate Chip Cookie (ID: 38)",
        "action_flag": 1,
        "change_message": "[{\"added\": {}}]"
    }
},
{
    "model": "admin.logentry",
    "pk": 120,
    "fields": {
        "action_time": "2026-06-25T11:09:54.224Z",
        "user": 1,
        "content_type": 10,
        "object_id": "39",
        "object_repr": "French Baguette (ID: 39)",
        "action_flag": 1,
        "change_message": "[{\"added\": {}}]"
    }
},
{
    "model": "admin.logentry",
    "pk": 121,
    "fields": {
        "action_time": "2026-06-25T11:17:15.685Z",
        "user": 1,
        "content_type": 10,
        "object_id": "40",
        "object_repr": "Sourdough Bread (ID: 40)",
        "action_flag": 1,
        "change_message": "[{\"added\": {}}]"
    }
},
{
    "model": "admin.logentry",
    "pk": 122,
    "fields": {
        "action_time": "2026-06-25T11:17:47.214Z",
        "user": 1,
        "content_type": 11,
        "object_id": "ff3f081b-3f63-41d1-9d55-c37bc2cbb13c",
        "object_repr": "Yoshi Sushi Bar (Sushi)",
        "action_flag": 2,
        "change_message": "[{\"changed\": {\"fields\": [\"Name\"]}}]"
    }
},
{
    "model": "admin.logentry",
    "pk": 123,
    "fields": {
        "action_time": "2026-06-25T11:21:08.895Z",
        "user": 1,
        "content_type": 10,
        "object_id": "41",
        "object_repr": "Philadelphia Roll (8 pcs) (ID: 41)",
        "action_flag": 1,
        "change_message": "[{\"added\": {}}]"
    }
},
{
    "model": "admin.logentry",
    "pk": 124,
    "fields": {
        "action_time": "2026-06-25T11:23:02.135Z",
        "user": 1,
        "content_type": 10,
        "object_id": "42",
        "object_repr": "California Roll (ID: 42)",
        "action_flag": 1,
        "change_message": "[{\"added\": {}}]"
    }
},
{
    "model": "admin.logentry",
    "pk": 125,
    "fields": {
        "action_time": "2026-06-25T11:25:02.965Z",
        "user": 1,
        "content_type": 10,
        "object_id": "43",
        "object_repr": "Baked Salmon Volcano (ID: 43)",
        "action_flag": 1,
        "change_message": "[{\"added\": {}}]"
    }
},
{
    "model": "admin.logentry",
    "pk": 126,
    "fields": {
        "action_time": "2026-06-25T11:26:48.120Z",
        "user": 1,
        "content_type": 10,
        "object_id": "44",
        "object_repr": "Baked Crab Cheese Roll (ID: 44)",
        "action_flag": 1,
        "change_message": "[{\"added\": {}}]"
    }
},
{
    "model": "admin.logentry",
    "pk": 127,
    "fields": {
        "action_time": "2026-06-25T11:29:35.956Z",
        "user": 1,
        "content_type": 10,
        "object_id": "45",
        "object_repr": "Salmon Nigiri (2 pcs) (ID: 45)",
        "action_flag": 1,
        "change_message": "[{\"added\": {}}]"
    }
},
{
    "model": "admin.logentry",
    "pk": 128,
    "fields": {
        "action_time": "2026-06-25T11:31:08.458Z",
        "user": 1,
        "content_type": 10,
        "object_id": "46",
        "object_repr": "Eel Unagi Nigiri (2 pcs) (ID: 46)",
        "action_flag": 1,
        "change_message": "[{\"added\": {}}]"
    }
},
{
    "model": "admin.logentry",
    "pk": 129,
    "fields": {
        "action_time": "2026-06-25T11:33:34.975Z",
        "user": 1,
        "content_type": 10,
        "object_id": "47",
        "object_repr": "Classic Chicken Ramen (ID: 47)",
        "action_flag": 1,
        "change_message": "[{\"added\": {}}]"
    }
},
{
    "model": "admin.logentry",
    "pk": 130,
    "fields": {
        "action_time": "2026-06-25T11:42:53.417Z",
        "user": 1,
        "content_type": 10,
        "object_id": "48",
        "object_repr": "Spicy Seafood Ramen (ID: 48)",
        "action_flag": 1,
        "change_message": "[{\"added\": {}}]"
    }
},
{
    "model": "admin.logentry",
    "pk": 131,
    "fields": {
        "action_time": "2026-06-25T11:44:11.090Z",
        "user": 1,
        "content_type": 10,
        "object_id": "49",
        "object_repr": "Salted Edamame Beans (ID: 49)",
        "action_flag": 1,
        "change_message": "[{\"added\": {}}]"
    }
},
{
    "model": "admin.logentry",
    "pk": 132,
    "fields": {
        "action_time": "2026-06-25T11:45:32.885Z",
        "user": 1,
        "content_type": 10,
        "object_id": "50",
        "object_repr": "Chuka Seaweed Salad (ID: 50)",
        "action_flag": 1,
        "change_message": "[{\"added\": {}}]"
    }
},
{
    "model": "admin.logentry",
    "pk": 133,
    "fields": {
        "action_time": "2026-06-25T12:01:16.660Z",
        "user": 1,
        "content_type": 10,
        "object_id": "51",
        "object_repr": "Fried Guyru Lagman (ID: 51)",
        "action_flag": 1,
        "change_message": "[{\"added\": {}}]"
    }
},
{
    "model": "admin.logentry",
    "pk": 134,
    "fields": {
        "action_time": "2026-06-25T12:04:16.409Z",
        "user": 1,
        "content_type": 10,
        "object_id": "52",
        "object_repr": "Liquid Soyru Lagman (ID: 52)",
        "action_flag": 1,
        "change_message": "[{\"added\": {}}]"
    }
},
{
    "model": "admin.logentry",
    "pk": 135,
    "fields": {
        "action_time": "2026-06-25T12:06:03.163Z",
        "user": 1,
        "content_type": 10,
        "object_id": "53",
        "object_repr": "Chicken Pad Thai (ID: 53)",
        "action_flag": 1,
        "change_message": "[{\"added\": {}}]"
    }
},
{
    "model": "admin.logentry",
    "pk": 136,
    "fields": {
        "action_time": "2026-06-25T12:10:41.214Z",
        "user": 1,
        "content_type": 10,
        "object_id": "54",
        "object_repr": "Spicy Singapore Rice Noodles (ID: 54)",
        "action_flag": 1,
        "change_message": "[{\"added\": {}}]"
    }
},
{
    "model": "admin.logentry",
    "pk": 137,
    "fields": {
        "action_time": "2026-06-25T12:12:40.242Z",
        "user": 1,
        "content_type": 10,
        "object_id": "55",
        "object_repr": "Steamed Khanum (3 pcs) (ID: 55)",
        "action_flag": 1,
        "change_message": "[{\"added\": {}}]"
    }
},
{
    "model": "admin.logentry",
    "pk": 138,
    "fields": {
        "action_time": "2026-06-25T12:14:43.916Z",
        "user": 1,
        "content_type": 10,
        "object_id": "56",
        "object_repr": "Shrimp Dim Sum Steamed (4 pcs) (ID: 56)",
        "action_flag": 1,
        "change_message": "[{\"added\": {}}]"
    }
},
{
    "model": "admin.logentry",
    "pk": 139,
    "fields": {
        "action_time": "2026-06-25T12:18:13.184Z",
        "user": 1,
        "content_type": 9,
        "object_id": "35",
        "object_repr": "Wok Lagman House -> Traditional Teas",
        "action_flag": 2,
        "change_message": "[{\"changed\": {\"fields\": [\"Restaurant\"]}}]"
    }
},
{
    "model": "admin.logentry",
    "pk": 140,
    "fields": {
        "action_time": "2026-06-25T12:19:58.435Z",
        "user": 1,
        "content_type": 10,
        "object_id": "57",
        "object_repr": "Schezwan Fried Rice Beef (ID: 57)",
        "action_flag": 1,
        "change_message": "[{\"added\": {}}]"
    }
},
{
    "model": "admin.logentry",
    "pk": 141,
    "fields": {
        "action_time": "2026-06-25T12:23:17.739Z",
        "user": 1,
        "content_type": 10,
        "object_id": "58",
        "object_repr": "Kung Pao Chicken Rice Bowl (ID: 58)",
        "action_flag": 1,
        "change_message": "[{\"added\": {}}]"
    }
},
{
    "model": "admin.logentry",
    "pk": 142,
    "fields": {
        "action_time": "2026-06-25T12:27:02.670Z",
        "user": 1,
        "content_type": 10,
        "object_id": "59",
        "object_repr": "Green Jasmine Loose Tea Pot (ID: 59)",
        "action_flag": 1,
        "change_message": "[{\"added\": {}}]"
    }
},
{
    "model": "admin.logentry",
    "pk": 143,
    "fields": {
        "action_time": "2026-06-25T12:28:57.196Z",
        "user": 1,
        "content_type": 10,
        "object_id": "60",
        "object_repr": "Ginseng Oolong Energizer (ID: 60)",
        "action_flag": 1,
        "change_message": "[{\"added\": {}}]"
    }
},
{
    "model": "admin.logentry",
    "pk": 144,
    "fields": {
        "action_time": "2026-06-25T12:32:24.349Z",
        "user": 1,
        "content_type": 10,
        "object_id": "61",
        "object_repr": "Margherita Classica (ID: 61)",
        "action_flag": 1,
        "change_message": "[{\"added\": {}}]"
    }
},
{
    "model": "admin.logentry",
    "pk": 145,
    "fields": {
        "action_time": "2026-06-25T12:34:35.242Z",
        "user": 1,
        "content_type": 10,
        "object_id": "62",
        "object_repr": "Pepperoni Piccante (ID: 62)",
        "action_flag": 1,
        "change_message": "[{\"added\": {}}]"
    }
},
{
    "model": "admin.logentry",
    "pk": 146,
    "fields": {
        "action_time": "2026-06-25T12:36:12.836Z",
        "user": 1,
        "content_type": 10,
        "object_id": "63",
        "object_repr": "Spaghetti alla Bolognese (ID: 63)",
        "action_flag": 1,
        "change_message": "[{\"added\": {}}]"
    }
},
{
    "model": "admin.logentry",
    "pk": 147,
    "fields": {
        "action_time": "2026-06-25T12:37:30.123Z",
        "user": 1,
        "content_type": 10,
        "object_id": "64",
        "object_repr": "Fettuccine Carbonara Genuine (ID: 64)",
        "action_flag": 1,
        "change_message": "[{\"added\": {}}]"
    }
},
{
    "model": "admin.logentry",
    "pk": 148,
    "fields": {
        "action_time": "2026-06-25T12:39:03.011Z",
        "user": 1,
        "content_type": 10,
        "object_id": "65",
        "object_repr": "Risotto ai Funghi Porcini (ID: 65)",
        "action_flag": 1,
        "change_message": "[{\"added\": {}}]"
    }
},
{
    "model": "admin.logentry",
    "pk": 149,
    "fields": {
        "action_time": "2026-06-25T12:40:33.311Z",
        "user": 1,
        "content_type": 10,
        "object_id": "66",
        "object_repr": "Risotto Milanese Saffron (ID: 66)",
        "action_flag": 1,
        "change_message": "[{\"added\": {}}]"
    }
},
{
    "model": "admin.logentry",
    "pk": 150,
    "fields": {
        "action_time": "2026-06-25T12:41:54.600Z",
        "user": 1,
        "content_type": 10,
        "object_id": "67",
        "object_repr": "Tomato Basil Bruschetta (3 pcs) (ID: 67)",
        "action_flag": 1,
        "change_message": "[{\"added\": {}}]"
    }
},
{
    "model": "admin.logentry",
    "pk": 151,
    "fields": {
        "action_time": "2026-06-25T12:42:56.195Z",
        "user": 1,
        "content_type": 10,
        "object_id": "68",
        "object_repr": "Caprese Plate (ID: 68)",
        "action_flag": 1,
        "change_message": "[{\"added\": {}}]"
    }
},
{
    "model": "admin.logentry",
    "pk": 152,
    "fields": {
        "action_time": "2026-06-25T12:44:09.216Z",
        "user": 1,
        "content_type": 10,
        "object_id": "69",
        "object_repr": "Mediterranean Rucola Salad (ID: 69)",
        "action_flag": 1,
        "change_message": "[{\"added\": {}}]"
    }
},
{
    "model": "admin.logentry",
    "pk": 153,
    "fields": {
        "action_time": "2026-06-25T12:45:26.519Z",
        "user": 1,
        "content_type": 10,
        "object_id": "70",
        "object_repr": "Italian Green House Salad (ID: 70)",
        "action_flag": 1,
        "change_message": "[{\"added\": {}}]"
    }
},
{
    "model": "admin.logentry",
    "pk": 154,
    "fields": {
        "action_time": "2026-06-25T12:47:16.079Z",
        "user": 1,
        "content_type": 10,
        "object_id": "71",
        "object_repr": "Iskender Kebab Plate (ID: 71)",
        "action_flag": 1,
        "change_message": "[{\"added\": {}}]"
    }
},
{
    "model": "admin.logentry",
    "pk": 155,
    "fields": {
        "action_time": "2026-06-25T12:49:43.802Z",
        "user": 1,
        "content_type": 10,
        "object_id": "72",
        "object_repr": "Adana Kebab Skewer (ID: 72)",
        "action_flag": 1,
        "change_message": "[{\"added\": {}}]"
    }
},
{
    "model": "admin.logentry",
    "pk": 156,
    "fields": {
        "action_time": "2026-06-25T12:51:34.134Z",
        "user": 1,
        "content_type": 10,
        "object_id": "73",
        "object_repr": "Beef Doner Wrap (Durum) (ID: 73)",
        "action_flag": 1,
        "change_message": "[{\"added\": {}}]"
    }
},
{
    "model": "admin.logentry",
    "pk": 157,
    "fields": {
        "action_time": "2026-06-25T12:52:57.260Z",
        "user": 1,
        "content_type": 10,
        "object_id": "74",
        "object_repr": "Kusbasili Pide Flatbread (ID: 74)",
        "action_flag": 1,
        "change_message": "[{\"added\": {}}]"
    }
},
{
    "model": "admin.logentry",
    "pk": 158,
    "fields": {
        "action_time": "2026-06-25T12:56:12.252Z",
        "user": 1,
        "content_type": 10,
        "object_id": "75",
        "object_repr": "Hummus Plate Smooth (ID: 75)",
        "action_flag": 1,
        "change_message": "[{\"added\": {}}]"
    }
},
{
    "model": "admin.logentry",
    "pk": 159,
    "fields": {
        "action_time": "2026-06-25T12:59:39.347Z",
        "user": 1,
        "content_type": 10,
        "object_id": "76",
        "object_repr": "Haydari Yogurt Dip (ID: 76)",
        "action_flag": 1,
        "change_message": "[{\"added\": {}}]"
    }
},
{
    "model": "admin.logentry",
    "pk": 160,
    "fields": {
        "action_time": "2026-06-25T13:01:29.928Z",
        "user": 1,
        "content_type": 10,
        "object_id": "77",
        "object_repr": "Pistachio Baklava (2 pcs) (ID: 77)",
        "action_flag": 1,
        "change_message": "[{\"added\": {}}]"
    }
},
{
    "model": "admin.logentry",
    "pk": 161,
    "fields": {
        "action_time": "2026-06-25T13:02:44.297Z",
        "user": 1,
        "content_type": 10,
        "object_id": "78",
        "object_repr": "Hot Kunefe Dessert (ID: 78)",
        "action_flag": 1,
        "change_message": "[{\"added\": {}}]"
    }
},
{
    "model": "admin.logentry",
    "pk": 162,
    "fields": {
        "action_time": "2026-06-25T13:04:16.089Z",
        "user": 1,
        "content_type": 10,
        "object_id": "79",
        "object_repr": "Salty Frothy Ayran Glass (ID: 79)",
        "action_flag": 1,
        "change_message": "[{\"added\": {}}]"
    }
},
{
    "model": "admin.logentry",
    "pk": 163,
    "fields": {
        "action_time": "2026-06-25T13:05:24.853Z",
        "user": 1,
        "content_type": 10,
        "object_id": "80",
        "object_repr": "Traditional Turkish Tea Glass (ID: 80)",
        "action_flag": 1,
        "change_message": "[{\"added\": {}}]"
    }
},
{
    "model": "admin.logentry",
    "pk": 164,
    "fields": {
        "action_time": "2026-06-25T13:08:08.297Z",
        "user": 1,
        "content_type": 10,
        "object_id": "81",
        "object_repr": "Double Scoop Waffle Cone (ID: 81)",
        "action_flag": 1,
        "change_message": "[{\"added\": {}}]"
    }
},
{
    "model": "admin.logentry",
    "pk": 165,
    "fields": {
        "action_time": "2026-06-25T13:11:15.262Z",
        "user": 1,
        "content_type": 10,
        "object_id": "82",
        "object_repr": "Sicilian Pistachio Gelato Tub (ID: 82)",
        "action_flag": 1,
        "change_message": "[{\"added\": {}}]"
    }
},
{
    "model": "admin.logentry",
    "pk": 166,
    "fields": {
        "action_time": "2026-06-25T13:12:41.378Z",
        "user": 1,
        "content_type": 10,
        "object_id": "83",
        "object_repr": "Nutella & Banana Waffle (ID: 83)",
        "action_flag": 1,
        "change_message": "[{\"added\": {}}]"
    }
},
{
    "model": "admin.logentry",
    "pk": 167,
    "fields": {
        "action_time": "2026-06-25T13:14:00.936Z",
        "user": 1,
        "content_type": 10,
        "object_id": "84",
        "object_repr": "Strawberries & Cream Waffle (ID: 84)",
        "action_flag": 1,
        "change_message": "[{\"added\": {}}]"
    }
},
{
    "model": "admin.logentry",
    "pk": 168,
    "fields": {
        "action_time": "2026-06-25T13:15:24.064Z",
        "user": 1,
        "content_type": 10,
        "object_id": "85",
        "object_repr": "French Crepe with Chocolate (ID: 85)",
        "action_flag": 1,
        "change_message": "[{\"added\": {}}]"
    }
},
{
    "model": "admin.logentry",
    "pk": 169,
    "fields": {
        "action_time": "2026-06-25T13:17:42.640Z",
        "user": 1,
        "content_type": 10,
        "object_id": "86",
        "object_repr": "Honey & Walnut Enveloped Crepe (ID: 86)",
        "action_flag": 1,
        "change_message": "[{\"added\": {}}]"
    }
},
{
    "model": "admin.logentry",
    "pk": 170,
    "fields": {
        "action_time": "2026-06-25T13:19:01.964Z",
        "user": 1,
        "content_type": 10,
        "object_id": "87",
        "object_repr": "Oreo Crunch Monster Shake (ID: 87)",
        "action_flag": 1,
        "change_message": "[{\"added\": {}}]"
    }
},
{
    "model": "admin.logentry",
    "pk": 171,
    "fields": {
        "action_time": "2026-06-25T13:20:36.336Z",
        "user": 1,
        "content_type": 10,
        "object_id": "88",
        "object_repr": "Strawberry Fields Milkshake (ID: 88)",
        "action_flag": 1,
        "change_message": "[{\"added\": {}}]"
    }
},
{
    "model": "admin.logentry",
    "pk": 172,
    "fields": {
        "action_time": "2026-06-25T13:21:46.478Z",
        "user": 1,
        "content_type": 10,
        "object_id": "89",
        "object_repr": "Italian Thick Hot Chocolate (ID: 89)",
        "action_flag": 1,
        "change_message": "[{\"added\": {}}]"
    }
},
{
    "model": "admin.logentry",
    "pk": 173,
    "fields": {
        "action_time": "2026-06-25T13:23:14.161Z",
        "user": 1,
        "content_type": 10,
        "object_id": "90",
        "object_repr": "Affogato al Caffe Classic (ID: 90)",
        "action_flag": 1,
        "change_message": "[{\"added\": {}}]"
    }
},
{
    "model": "admin.logentry",
    "pk": 174,
    "fields": {
        "action_time": "2026-06-25T13:41:26.960Z",
        "user": 1,
        "content_type": 10,
        "object_id": "91",
        "object_repr": "Pure Green Detox (ID: 91)",
        "action_flag": 1,
        "change_message": "[{\"added\": {}}]"
    }
},
{
    "model": "admin.logentry",
    "pk": 175,
    "fields": {
        "action_time": "2026-06-25T13:42:59.673Z",
        "user": 1,
        "content_type": 10,
        "object_id": "92",
        "object_repr": "Sweet Apple Carrot Blend (ID: 92)",
        "action_flag": 1,
        "change_message": "[{\"added\": {}}]"
    }
},
{
    "model": "admin.logentry",
    "pk": 176,
    "fields": {
        "action_time": "2026-06-25T13:45:55.048Z",
        "user": 1,
        "content_type": 10,
        "object_id": "93",
        "object_repr": "Orange Sunshine Press (ID: 93)",
        "action_flag": 1,
        "change_message": "[{\"added\": {}}]"
    }
},
{
    "model": "admin.logentry",
    "pk": 177,
    "fields": {
        "action_time": "2026-06-25T13:47:54.010Z",
        "user": 1,
        "content_type": 10,
        "object_id": "94",
        "object_repr": "Grapefruit Zing (ID: 94)",
        "action_flag": 1,
        "change_message": "[{\"added\": {}}]"
    }
},
{
    "model": "admin.logentry",
    "pk": 178,
    "fields": {
        "action_time": "2026-06-25T13:49:40.122Z",
        "user": 1,
        "content_type": 10,
        "object_id": "95",
        "object_repr": "Classic Brown Sugar Milk Tea (ID: 95)",
        "action_flag": 1,
        "change_message": "[{\"added\": {}}]"
    }
},
{
    "model": "admin.logentry",
    "pk": 179,
    "fields": {
        "action_time": "2026-06-25T13:50:44.961Z",
        "user": 1,
        "content_type": 10,
        "object_id": "96",
        "object_repr": "Taro Cream Bubble Tea (ID: 96)",
        "action_flag": 1,
        "change_message": "[{\"added\": {}}]"
    }
},
{
    "model": "admin.logentry",
    "pk": 180,
    "fields": {
        "action_time": "2026-06-25T13:52:11.561Z",
        "user": 1,
        "content_type": 10,
        "object_id": "97",
        "object_repr": "Salted Caramel Iced Latte (ID: 97)",
        "action_flag": 1,
        "change_message": "[{\"added\": {}}]"
    }
},
{
    "model": "admin.logentry",
    "pk": 181,
    "fields": {
        "action_time": "2026-06-25T13:54:00.387Z",
        "user": 1,
        "content_type": 10,
        "object_id": "98",
        "object_repr": "Cookies & Cream Frappe (ID: 98)",
        "action_flag": 1,
        "change_message": "[{\"added\": {}}]"
    }
},
{
    "model": "admin.logentry",
    "pk": 182,
    "fields": {
        "action_time": "2026-06-25T13:55:33.363Z",
        "user": 1,
        "content_type": 10,
        "object_id": "99",
        "object_repr": "Fiery Ginger Lemon Shot (60ml) (ID: 99)",
        "action_flag": 1,
        "change_message": "[{\"added\": {}}]"
    }
},
{
    "model": "admin.logentry",
    "pk": 183,
    "fields": {
        "action_time": "2026-06-25T13:56:39.086Z",
        "user": 1,
        "content_type": 10,
        "object_id": "100",
        "object_repr": "Ginger Turmeric Immunity Shot (ID: 100)",
        "action_flag": 1,
        "change_message": "[{\"added\": {}}]"
    }
},
{
    "model": "admin.logentry",
    "pk": 184,
    "fields": {
        "action_time": "2026-06-26T05:31:34.724Z",
        "user": 1,
        "content_type": 11,
        "object_id": "cab5895b-00ff-4d69-b924-55df6f626c17",
        "object_repr": "Rayhon National Restaurant",
        "action_flag": 2,
        "change_message": "[{\"changed\": {\"fields\": [\"Categories\"]}}]"
    }
},
{
    "model": "auth.user",
    "pk": 1,
    "fields": {
        "password": "pbkdf2_sha256$1200000$QVyeAG1FdjdAjhI74UPgxZ$N+QkEmSxVRNBXR7vgD3yfpRsXfDLFFPonIePY7o3DCQ=",
        "last_login": "2026-06-25T05:13:20.827Z",
        "is_superuser": true,
        "username": "admin",
        "first_name": "",
        "last_name": "",
        "email": "admin@gmail.com",
        "is_staff": true,
        "is_active": true,
        "date_joined": "2026-06-25T05:12:53.724Z",
        "groups": [],
        "user_permissions": []
    }
},
{
    "model": "sessions.session",
    "pk": "hav3adytdgfdgr11gduyxkiirz4e3hp0",
    "fields": {
        "session_data": ".eJxVjMsOwiAQAP9lz4a0PAR69N5vIMuySNVAUtqT8d9Nkx70OjOZNwTctxL2zmtYEkwwwuWXRaQn10OkB9Z7E9Tqti5RHIk4bRdzS_y6ne3foGAvMEFOSWnL3rIzxMjaKGes1epKymRPaL3MI2Ultc5SyegoS2a2KN2QaIDPF_DQOEk:1wccOu:k8yqwhwF2Y-jBrKYU1N3PI0TNNCuFMwoLNV6juso1iM",
        "expire_date": "2026-07-09T05:13:20.835Z"
    }
},
{
    "model": "IshonchEat.category",
    "pk": 1,
    "fields": {
        "name": "Fast Food",
        "sort_order": 1
    }
},
{
    "model": "IshonchEat.category",
    "pk": 2,
    "fields": {
        "name": "National Food",
        "sort_order": 2
    }
},
{
    "model": "IshonchEat.category",
    "pk": 3,
    "fields": {
        "name": "Coffee Shop",
        "sort_order": 3
    }
},
{
    "model": "IshonchEat.category",
    "pk": 4,
    "fields": {
        "name": "Bakery",
        "sort_order": 4
    }
},
{
    "model": "IshonchEat.category",
    "pk": 5,
    "fields": {
        "name": "Sushi",
        "sort_order": 5
    }
},
{
    "model": "IshonchEat.category",
    "pk": 6,
    "fields": {
        "name": "Asian Food",
        "sort_order": 6
    }
},
{
    "model": "IshonchEat.category",
    "pk": 7,
    "fields": {
        "name": "Italian Food",
        "sort_order": 7
    }
},
{
    "model": "IshonchEat.category",
    "pk": 8,
    "fields": {
        "name": "Turkish Food",
        "sort_order": 8
    }
},
{
    "model": "IshonchEat.category",
    "pk": 9,
    "fields": {
        "name": "Desserts",
        "sort_order": 9
    }
},
{
    "model": "IshonchEat.category",
    "pk": 10,
    "fields": {
        "name": "Drinks & Beverages",
        "sort_order": 10
    }
},
{
    "model": "IshonchEat.restaurant",
    "pk": "1aedd985-e729-47ee-af9d-727c8ac8a5c8",
    "fields": {
        "owner_user_id": 6,
        "name": "Wok Lagman House",
        "description": "Hand-pulled Asian noodles, spicy stir-fries, and traditional dim sum dumpings.",
        "address": "https://maps.google.com/?q=Wok+Lagman+Tashkent",
        "restaurant_img": "restaurant/work_Lagman.jpg",
        "is_open": true,
        "created_at": "2026-06-25T08:04:33.422Z",
        "phone_number": "+99890 335 55 66",
        "categories": [
            6
        ]
    }
},
{
    "model": "IshonchEat.restaurant",
    "pk": "1ca6cec2-9578-4551-8b27-6bad06512771",
    "fields": {
        "owner_user_id": 9,
        "name": "Gelato & Sweet Treats",
        "description": "Authentic Italian milk gelato, waffles, crepes, and chocolate fondues.",
        "address": "https://maps.google.com/?q=Gelato+Treats+Tashkent",
        "restaurant_img": "restaurant/Gelato__Sweet_Treats.jpg",
        "is_open": true,
        "created_at": "2026-06-25T08:12:56.348Z",
        "phone_number": "+99897 123 45 10",
        "categories": [
            9
        ]
    }
},
{
    "model": "IshonchEat.restaurant",
    "pk": "60dc5be6-867b-4ed9-ac79-847c8a5e3f4d",
    "fields": {
        "owner_user_id": 8,
        "name": "Istanbul Kebab & Lounge",
        "description": "Turkish delights, real donor kebabs, iskender, and traditional hot baklava.",
        "address": "https://maps.google.com/?q=Istanbul+Kebab+Tashkent",
        "restaurant_img": "",
        "is_open": true,
        "created_at": "2026-06-25T08:10:49.041Z",
        "phone_number": "+998971234509",
        "categories": [
            8
        ]
    }
},
{
    "model": "IshonchEat.restaurant",
    "pk": "63a5fbf4-3b6f-4a8c-8b9e-668b86ed6a0e",
    "fields": {
        "owner_user_id": 10,
        "name": "Glow Juice & Bubble Tea Bar",
        "description": "Premium craft bubble teas, freshly squeezed organic juices, and cold brew coffees.",
        "address": "https://maps.google.com/?q=Tashkent+Evos5",
        "restaurant_img": "restaurant/Glow_Juice__Bubble_Tea_Bar.jpg",
        "is_open": true,
        "created_at": "2026-06-25T08:16:12.430Z",
        "phone_number": "+998971234599",
        "categories": [
            3,
            10
        ]
    }
},
{
    "model": "IshonchEat.restaurant",
    "pk": "82c5dc7d-7d27-411c-86c7-83cc1bc935d0",
    "fields": {
        "owner_user_id": 7,
        "name": "Bella Italia Pizzeria",
        "description": "Wood-fired Neapolitan pizzas, creamy handmade pasta, and fine Italian sides.",
        "address": "https://maps.google.com/?q=Bella+Italia+Tashkent",
        "restaurant_img": "restaurant/Bella_Italia_Pizzeria.jpg",
        "is_open": true,
        "created_at": "2026-06-25T08:08:39.904Z",
        "phone_number": "+998971234508",
        "categories": [
            7
        ]
    }
},
{
    "model": "IshonchEat.restaurant",
    "pk": "9fb7768d-e623-4784-b76e-9bda885bd040",
    "fields": {
        "owner_user_id": 1,
        "name": "Evos Premium",
        "description": "Fast and delicious local burgers, wraps, and fresh snacks.",
        "address": "https://maps.google.com/?q=Tashkent+Evos",
        "restaurant_img": "restaurant/EvosImg.png",
        "is_open": true,
        "created_at": "2026-06-25T06:40:03.393Z",
        "phone_number": "+99871 203 12 12",
        "categories": [
            1,
            10
        ]
    }
},
{
    "model": "IshonchEat.restaurant",
    "pk": "b640d6eb-43c8-403d-8889-7552471933cd",
    "fields": {
        "owner_user_id": 4,
        "name": "Coffee Boom",
        "description": "Premium roasted coffee blends, aromatic teas, and light breakfast meals.",
        "address": "https://maps.google.com/?q=Coffee+Boom+Tashkent",
        "restaurant_img": "restaurant/Coffee_Boom.jpg",
        "is_open": true,
        "created_at": "2026-06-25T07:48:46.928Z",
        "phone_number": "+998 99 115 19 99",
        "categories": [
            3,
            4,
            9
        ]
    }
},
{
    "model": "IshonchEat.restaurant",
    "pk": "cab5895b-00ff-4d69-b924-55df6f626c17",
    "fields": {
        "owner_user_id": 2,
        "name": "Rayhon National Restaurant",
        "description": "Authentic traditional Uzbek dishes cooked over live fire.",
        "address": "https://maps.google.com/?q=Rayhon+Chilonzor",
        "restaurant_img": "restaurant/EvosImg_GvQaKGT.png",
        "is_open": true,
        "created_at": "2026-06-25T07:40:57.167Z",
        "phone_number": "+99878 333 28 75",
        "categories": [
            2
        ]
    }
},
{
    "model": "IshonchEat.restaurant",
    "pk": "cf685e7c-67e4-4b66-bf5d-6507c839692e",
    "fields": {
        "owner_user_id": 3,
        "name": "Safia Cafe & Bakery",
        "description": "Freshly baked pastries, specialty cakes, and hot artisanal coffee.",
        "address": "https://maps.google.com/?q=Safia+Grand",
        "restaurant_img": "restaurant/safia.jpg",
        "is_open": true,
        "created_at": "2026-06-25T07:43:29.717Z",
        "phone_number": "+99878 113 40 40",
        "categories": [
            3,
            4
        ]
    }
},
{
    "model": "IshonchEat.restaurant",
    "pk": "ff3f081b-3f63-41d1-9d55-c37bc2cbb13c",
    "fields": {
        "owner_user_id": 5,
        "name": "Yoshi Sushi Bar (Sushi)",
        "description": "Authentic Japanese sushi rolls, fresh sashimi, and premium ramen bowls.",
        "address": "https://maps.app.goo.gl/HwXXQh7RxyMKRFXp9",
        "restaurant_img": "restaurant/Yapona_Mama.jpg",
        "is_open": true,
        "created_at": "2026-06-25T07:54:22.179Z",
        "phone_number": "+99878 147 89 89",
        "categories": [
            5,
            6
        ]
    }
},
{
    "model": "IshonchEat.categorymenu",
    "pk": 1,
    "fields": {
        "restaurant": "9fb7768d-e623-4784-b76e-9bda885bd040",
        "name": "Lavash & Wraps",
        "sort_order": 1
    }
},
{
    "model": "IshonchEat.categorymenu",
    "pk": 2,
    "fields": {
        "restaurant": "9fb7768d-e623-4784-b76e-9bda885bd040",
        "name": "Burgers",
        "sort_order": 2
    }
},
{
    "model": "IshonchEat.categorymenu",
    "pk": 3,
    "fields": {
        "restaurant": "9fb7768d-e623-4784-b76e-9bda885bd040",
        "name": "Sides & Fries",
        "sort_order": 3
    }
},
{
    "model": "IshonchEat.categorymenu",
    "pk": 4,
    "fields": {
        "restaurant": "9fb7768d-e623-4784-b76e-9bda885bd040",
        "name": "Combo Boxes",
        "sort_order": 4
    }
},
{
    "model": "IshonchEat.categorymenu",
    "pk": 5,
    "fields": {
        "restaurant": "9fb7768d-e623-4784-b76e-9bda885bd040",
        "name": "Beverages",
        "sort_order": 5
    }
},
{
    "model": "IshonchEat.categorymenu",
    "pk": 6,
    "fields": {
        "restaurant": "63a5fbf4-3b6f-4a8c-8b9e-668b86ed6a0e",
        "name": "Freshly Squeezed Juices",
        "sort_order": 6
    }
},
{
    "model": "IshonchEat.categorymenu",
    "pk": 7,
    "fields": {
        "restaurant": "63a5fbf4-3b6f-4a8c-8b9e-668b86ed6a0e",
        "name": "Citrus Boost",
        "sort_order": 7
    }
},
{
    "model": "IshonchEat.categorymenu",
    "pk": 8,
    "fields": {
        "restaurant": "63a5fbf4-3b6f-4a8c-8b9e-668b86ed6a0e",
        "name": "Signature Bubble Teas",
        "sort_order": 8
    }
},
{
    "model": "IshonchEat.categorymenu",
    "pk": 9,
    "fields": {
        "restaurant": "63a5fbf4-3b6f-4a8c-8b9e-668b86ed6a0e",
        "name": "Iced Coffees & Frappes",
        "sort_order": 9
    }
},
{
    "model": "IshonchEat.categorymenu",
    "pk": 10,
    "fields": {
        "restaurant": "63a5fbf4-3b6f-4a8c-8b9e-668b86ed6a0e",
        "name": "Ginger Wellness Shots",
        "sort_order": 10
    }
},
{
    "model": "IshonchEat.categorymenu",
    "pk": 11,
    "fields": {
        "restaurant": "cab5895b-00ff-4d69-b924-55df6f626c17",
        "name": "Main Courses",
        "sort_order": 11
    }
},
{
    "model": "IshonchEat.categorymenu",
    "pk": 12,
    "fields": {
        "restaurant": "cab5895b-00ff-4d69-b924-55df6f626c17",
        "name": "Kebabs & Shashlik",
        "sort_order": 12
    }
},
{
    "model": "IshonchEat.categorymenu",
    "pk": 13,
    "fields": {
        "restaurant": "cab5895b-00ff-4d69-b924-55df6f626c17",
        "name": "Traditional Soups",
        "sort_order": 13
    }
},
{
    "model": "IshonchEat.categorymenu",
    "pk": 14,
    "fields": {
        "restaurant": "cab5895b-00ff-4d69-b924-55df6f626c17",
        "name": "Fresh Salads",
        "sort_order": 14
    }
},
{
    "model": "IshonchEat.categorymenu",
    "pk": 15,
    "fields": {
        "restaurant": "cab5895b-00ff-4d69-b924-55df6f626c17",
        "name": "Breads & Somsas",
        "sort_order": 15
    }
},
{
    "model": "IshonchEat.categorymenu",
    "pk": 16,
    "fields": {
        "restaurant": "b640d6eb-43c8-403d-8889-7552471933cd",
        "name": "Espresso Bar",
        "sort_order": 16
    }
},
{
    "model": "IshonchEat.categorymenu",
    "pk": 17,
    "fields": {
        "restaurant": "b640d6eb-43c8-403d-8889-7552471933cd",
        "name": "Iced & Cold Brews",
        "sort_order": 17
    }
},
{
    "model": "IshonchEat.categorymenu",
    "pk": 18,
    "fields": {
        "restaurant": "b640d6eb-43c8-403d-8889-7552471933cd",
        "name": "All-Day Breakfast",
        "sort_order": 18
    }
},
{
    "model": "IshonchEat.categorymenu",
    "pk": 19,
    "fields": {
        "restaurant": "b640d6eb-43c8-403d-8889-7552471933cd",
        "name": "Sandwiches & Paninis",
        "sort_order": 19
    }
},
{
    "model": "IshonchEat.categorymenu",
    "pk": 20,
    "fields": {
        "restaurant": "b640d6eb-43c8-403d-8889-7552471933cd",
        "name": "Signature Mocktails",
        "sort_order": 20
    }
},
{
    "model": "IshonchEat.categorymenu",
    "pk": 21,
    "fields": {
        "restaurant": "cf685e7c-67e4-4b66-bf5d-6507c839692e",
        "name": "Croissants & Danishes",
        "sort_order": 21
    }
},
{
    "model": "IshonchEat.categorymenu",
    "pk": 22,
    "fields": {
        "restaurant": "cf685e7c-67e4-4b66-bf5d-6507c839692e",
        "name": "Cake Slices",
        "sort_order": 22
    }
},
{
    "model": "IshonchEat.categorymenu",
    "pk": 23,
    "fields": {
        "restaurant": "cf685e7c-67e4-4b66-bf5d-6507c839692e",
        "name": "Eclairs & Tartlets",
        "sort_order": 23
    }
},
{
    "model": "IshonchEat.categorymenu",
    "pk": 24,
    "fields": {
        "restaurant": "cf685e7c-67e4-4b66-bf5d-6507c839692e",
        "name": "Cookies & Macarons",
        "sort_order": 24
    }
},
{
    "model": "IshonchEat.categorymenu",
    "pk": 25,
    "fields": {
        "restaurant": "cf685e7c-67e4-4b66-bf5d-6507c839692e",
        "name": "Breads & Loaves",
        "sort_order": 25
    }
},
{
    "model": "IshonchEat.categorymenu",
    "pk": 26,
    "fields": {
        "restaurant": "ff3f081b-3f63-41d1-9d55-c37bc2cbb13c",
        "name": "Classic Maki Rolls",
        "sort_order": 26
    }
},
{
    "model": "IshonchEat.categorymenu",
    "pk": 27,
    "fields": {
        "restaurant": "ff3f081b-3f63-41d1-9d55-c37bc2cbb13c",
        "name": "Premium Baked Rolls",
        "sort_order": 27
    }
},
{
    "model": "IshonchEat.categorymenu",
    "pk": 28,
    "fields": {
        "restaurant": "ff3f081b-3f63-41d1-9d55-c37bc2cbb13c",
        "name": "Nigiri & Sashimi",
        "sort_order": 28
    }
},
{
    "model": "IshonchEat.categorymenu",
    "pk": 29,
    "fields": {
        "restaurant": "ff3f081b-3f63-41d1-9d55-c37bc2cbb13c",
        "name": "Ramen & Noodles",
        "sort_order": 29
    }
},
{
    "model": "IshonchEat.categorymenu",
    "pk": 30,
    "fields": {
        "restaurant": "ff3f081b-3f63-41d1-9d55-c37bc2cbb13c",
        "name": "Appetizers & Edamame",
        "sort_order": 30
    }
},
{
    "model": "IshonchEat.categorymenu",
    "pk": 31,
    "fields": {
        "restaurant": "1aedd985-e729-47ee-af9d-727c8ac8a5c8",
        "name": "Hand-Pulled Lagman",
        "sort_order": 31
    }
},
{
    "model": "IshonchEat.categorymenu",
    "pk": 32,
    "fields": {
        "restaurant": "1aedd985-e729-47ee-af9d-727c8ac8a5c8",
        "name": "Wok Stir-Fry Noodles",
        "sort_order": 32
    }
},
{
    "model": "IshonchEat.categorymenu",
    "pk": 33,
    "fields": {
        "restaurant": "1aedd985-e729-47ee-af9d-727c8ac8a5c8",
        "name": "Dim Sum & Dumplings",
        "sort_order": 33
    }
},
{
    "model": "IshonchEat.categorymenu",
    "pk": 34,
    "fields": {
        "restaurant": "1aedd985-e729-47ee-af9d-727c8ac8a5c8",
        "name": "Spicy Asian Rice",
        "sort_order": 34
    }
},
{
    "model": "IshonchEat.categorymenu",
    "pk": 35,
    "fields": {
        "restaurant": "1aedd985-e729-47ee-af9d-727c8ac8a5c8",
        "name": "Traditional Teas",
        "sort_order": 35
    }
},
{
    "model": "IshonchEat.categorymenu",
    "pk": 36,
    "fields": {
        "restaurant": "82c5dc7d-7d27-411c-86c7-83cc1bc935d0",
        "name": "Wood-Fired Pizza",
        "sort_order": 36
    }
},
{
    "model": "IshonchEat.categorymenu",
    "pk": 37,
    "fields": {
        "restaurant": "82c5dc7d-7d27-411c-86c7-83cc1bc935d0",
        "name": "Handmade Pasta",
        "sort_order": 37
    }
},
{
    "model": "IshonchEat.categorymenu",
    "pk": 38,
    "fields": {
        "restaurant": "82c5dc7d-7d27-411c-86c7-83cc1bc935d0",
        "name": "Risottos",
        "sort_order": 38
    }
},
{
    "model": "IshonchEat.categorymenu",
    "pk": 39,
    "fields": {
        "restaurant": "82c5dc7d-7d27-411c-86c7-83cc1bc935d0",
        "name": "Appetizers & Bruschetta",
        "sort_order": 39
    }
},
{
    "model": "IshonchEat.categorymenu",
    "pk": 40,
    "fields": {
        "restaurant": "82c5dc7d-7d27-411c-86c7-83cc1bc935d0",
        "name": "Salads & Greens",
        "sort_order": 40
    }
},
{
    "model": "IshonchEat.categorymenu",
    "pk": 41,
    "fields": {
        "restaurant": "60dc5be6-867b-4ed9-ac79-847c8a5e3f4d",
        "name": "Turkish Steaks & Meats",
        "sort_order": 41
    }
},
{
    "model": "IshonchEat.categorymenu",
    "pk": 42,
    "fields": {
        "restaurant": "60dc5be6-867b-4ed9-ac79-847c8a5e3f4d",
        "name": "Doner & Pide",
        "sort_order": 42
    }
},
{
    "model": "IshonchEat.categorymenu",
    "pk": 43,
    "fields": {
        "restaurant": "60dc5be6-867b-4ed9-ac79-847c8a5e3f4d",
        "name": "Meze Platters / Starters",
        "sort_order": 43
    }
},
{
    "model": "IshonchEat.categorymenu",
    "pk": 44,
    "fields": {
        "restaurant": "60dc5be6-867b-4ed9-ac79-847c8a5e3f4d",
        "name": "Turkish Desserts",
        "sort_order": 44
    }
},
{
    "model": "IshonchEat.categorymenu",
    "pk": 45,
    "fields": {
        "restaurant": "60dc5be6-867b-4ed9-ac79-847c8a5e3f4d",
        "name": "Ayran & Beverages",
        "sort_order": 45
    }
},
{
    "model": "IshonchEat.categorymenu",
    "pk": 46,
    "fields": {
        "restaurant": "1ca6cec2-9578-4551-8b27-6bad06512771",
        "name": "Artisanal Gelato",
        "sort_order": 46
    }
},
{
    "model": "IshonchEat.categorymenu",
    "pk": 47,
    "fields": {
        "restaurant": "1ca6cec2-9578-4551-8b27-6bad06512771",
        "name": "Belgian Waffles",
        "sort_order": 47
    }
},
{
    "model": "IshonchEat.categorymenu",
    "pk": 48,
    "fields": {
        "restaurant": "1ca6cec2-9578-4551-8b27-6bad06512771",
        "name": "Sweet Crepes",
        "sort_order": 48
    }
},
{
    "model": "IshonchEat.categorymenu",
    "pk": 49,
    "fields": {
        "restaurant": "1ca6cec2-9578-4551-8b27-6bad06512771",
        "name": "Milkshakes & Sundaes",
        "sort_order": 49
    }
},
{
    "model": "IshonchEat.categorymenu",
    "pk": 50,
    "fields": {
        "restaurant": "1ca6cec2-9578-4551-8b27-6bad06512771",
        "name": "Hot Chocolate & Coffee",
        "sort_order": 50
    }
},
{
    "model": "IshonchEat.menuitem",
    "pk": 1,
    "fields": {
        "restaurant": "9fb7768d-e623-4784-b76e-9bda885bd040",
        "category": 1,
        "name": "Classic Beef Lavash",
        "description": "Grilled beef wrapped in thin flatbread with tomato and sauce.",
        "price": "32000.00",
        "new_price": "28000.00",
        "discount": "4000.00",
        "discount_status": true,
        "promotion": "1+1",
        "img_product": "products/lavash_beef.png",
        "delivery_time": "25 mins"
    }
},
{
    "model": "IshonchEat.menuitem",
    "pk": 2,
    "fields": {
        "restaurant": "9fb7768d-e623-4784-b76e-9bda885bd040",
        "category": 1,
        "name": "Cheese Chicken Lavash",
        "description": "Crispy chicken with melted mozzarella cheese.",
        "price": "34000.00",
        "new_price": null,
        "discount": null,
        "discount_status": false,
        "promotion": null,
        "img_product": "products/evos_lavash_cheese.jpg",
        "delivery_time": "25 mins"
    }
},
{
    "model": "IshonchEat.menuitem",
    "pk": 3,
    "fields": {
        "restaurant": "9fb7768d-e623-4784-b76e-9bda885bd040",
        "category": 2,
        "name": "Cheeseburger Double",
        "description": "Two beef patties with extra cheddar cheese.",
        "price": "38000.00",
        "new_price": null,
        "discount": null,
        "discount_status": false,
        "promotion": null,
        "img_product": "products/evos_cheese_double_burger.jpg",
        "delivery_time": "30 min"
    }
},
{
    "model": "IshonchEat.menuitem",
    "pk": 4,
    "fields": {
        "restaurant": "9fb7768d-e623-4784-b76e-9bda885bd040",
        "category": 2,
        "name": "Chicken burger S",
        "description": "Appetizing chicken burger S",
        "price": "35000.00",
        "new_price": null,
        "discount": null,
        "discount_status": false,
        "promotion": null,
        "img_product": "products/chicken_burger.jpg",
        "delivery_time": "30 min"
    }
},
{
    "model": "IshonchEat.menuitem",
    "pk": 5,
    "fields": {
        "restaurant": "9fb7768d-e623-4784-b76e-9bda885bd040",
        "category": 3,
        "name": "French fries M",
        "description": "A standard serving of delicious, deep-fried and lightly salted potato wedges. Perfect with your favorite sauce!",
        "price": "25000.00",
        "new_price": null,
        "discount": null,
        "discount_status": false,
        "promotion": null,
        "img_product": "products/french_fries_M.png",
        "delivery_time": "15-20 min"
    }
},
{
    "model": "IshonchEat.menuitem",
    "pk": 6,
    "fields": {
        "restaurant": "9fb7768d-e623-4784-b76e-9bda885bd040",
        "category": 3,
        "name": "Potatoes",
        "description": "Appetizing and delicious large potato slices, deep-fried in vegetable oil with aromatic spices. Serve with your favorite sauce!",
        "price": "23000.00",
        "new_price": null,
        "discount": null,
        "discount_status": false,
        "promotion": null,
        "img_product": "products/potatoes_evos.png",
        "delivery_time": "15-20 min"
    }
},
{
    "model": "IshonchEat.menuitem",
    "pk": 7,
    "fields": {
        "restaurant": "9fb7768d-e623-4784-b76e-9bda885bd040",
        "category": 4,
        "name": "Combo Box 1",
        "description": "A large pita bread with juicy beef, 2 juicy nuggets, mini fries, aromatic ketchup and a glass of refreshing Pepsi (0.4 l). No problem - just enjoy!",
        "price": "55000.00",
        "new_price": null,
        "discount": null,
        "discount_status": false,
        "promotion": null,
        "img_product": "products/combo_1.png",
        "delivery_time": "30-40 min"
    }
},
{
    "model": "IshonchEat.menuitem",
    "pk": 8,
    "fields": {
        "restaurant": "9fb7768d-e623-4784-b76e-9bda885bd040",
        "category": 4,
        "name": "Combo 2",
        "description": "",
        "price": "60000.00",
        "new_price": null,
        "discount": null,
        "discount_status": false,
        "promotion": null,
        "img_product": "products/combo_2.png",
        "delivery_time": "30-40 min"
    }
},
{
    "model": "IshonchEat.menuitem",
    "pk": 9,
    "fields": {
        "restaurant": "9fb7768d-e623-4784-b76e-9bda885bd040",
        "category": 5,
        "name": "Pepsi",
        "description": "Bulk Pepsi in a personal paper cup",
        "price": "11000.00",
        "new_price": null,
        "discount": null,
        "discount_status": false,
        "promotion": null,
        "img_product": "",
        "delivery_time": "5 min"
    }
},
{
    "model": "IshonchEat.menuitem",
    "pk": 10,
    "fields": {
        "restaurant": "9fb7768d-e623-4784-b76e-9bda885bd040",
        "category": 5,
        "name": "7up razliv",
        "description": "Shaxsiy qog'oz stakandagi quyma 7up 0,4l",
        "price": "12000.00",
        "new_price": null,
        "discount": null,
        "discount_status": false,
        "promotion": null,
        "img_product": "products/7up_evos.png",
        "delivery_time": "5 min"
    }
},
{
    "model": "IshonchEat.menuitem",
    "pk": 11,
    "fields": {
        "restaurant": "cab5895b-00ff-4d69-b924-55df6f626c17",
        "category": 11,
        "name": "Wedding Palov",
        "description": "Traditional rice pilaf with tender beef, raisins, and chickpeas.",
        "price": "45000.00",
        "new_price": null,
        "discount": null,
        "discount_status": false,
        "promotion": null,
        "img_product": "products/wedding_palov_rayhon.jpg",
        "delivery_time": "35 mins"
    }
},
{
    "model": "IshonchEat.menuitem",
    "pk": 12,
    "fields": {
        "restaurant": "cab5895b-00ff-4d69-b924-55df6f626c17",
        "category": 11,
        "name": "Special Kazan Kebab",
        "description": "Pan-fried meat with crispy baby potatoes and fresh onions.",
        "price": "52000.00",
        "new_price": "47000.00",
        "discount": "5000.00",
        "discount_status": true,
        "promotion": "Chef Special",
        "img_product": "products/Special_Kazan_Kebab_rayhon.jpg",
        "delivery_time": "40 min"
    }
},
{
    "model": "IshonchEat.menuitem",
    "pk": 13,
    "fields": {
        "restaurant": "cab5895b-00ff-4d69-b924-55df6f626c17",
        "category": 12,
        "name": "Ground Beef Shashlik",
        "description": "Juicy minced beef skewer grilled over charcoal.",
        "price": "18000.00",
        "new_price": null,
        "discount": null,
        "discount_status": false,
        "promotion": null,
        "img_product": "products/Ground_Beef_Shashlik.jpg",
        "delivery_time": "30 min"
    }
},
{
    "model": "IshonchEat.menuitem",
    "pk": 14,
    "fields": {
        "restaurant": "cab5895b-00ff-4d69-b924-55df6f626c17",
        "category": 12,
        "name": "Chunck Beef Shashlik",
        "description": "Marinated beef cubes grilled to perfection.",
        "price": "22000.00",
        "new_price": null,
        "discount": null,
        "discount_status": false,
        "promotion": null,
        "img_product": "products/Chunck_Beef_Shashlik.jpg",
        "delivery_time": "30 min"
    }
},
{
    "model": "IshonchEat.menuitem",
    "pk": 15,
    "fields": {
        "restaurant": "cab5895b-00ff-4d69-b924-55df6f626c17",
        "category": 13,
        "name": "Meat Shurpa",
        "description": "Clear broth soup with tender beef lamb, potato, and carrot.",
        "price": "26000.00",
        "new_price": null,
        "discount": null,
        "discount_status": false,
        "promotion": null,
        "img_product": "products/Meat_Shurpa.jpg",
        "delivery_time": "25 min"
    }
},
{
    "model": "IshonchEat.menuitem",
    "pk": 16,
    "fields": {
        "restaurant": "cab5895b-00ff-4d69-b924-55df6f626c17",
        "category": 13,
        "name": "Mastava",
        "description": "Hearty rice and vegetable soup with minced beef.",
        "price": "24000.00",
        "new_price": null,
        "discount": null,
        "discount_status": false,
        "promotion": null,
        "img_product": "products/Mastava.jpg",
        "delivery_time": "30 min"
    }
},
{
    "model": "IshonchEat.menuitem",
    "pk": 17,
    "fields": {
        "restaurant": "cab5895b-00ff-4d69-b924-55df6f626c17",
        "category": 14,
        "name": "Achichuk Salad",
        "description": "Traditional salad with thinly sliced tomatoes, onions, and hot pepper.",
        "price": "10000.00",
        "new_price": null,
        "discount": null,
        "discount_status": false,
        "promotion": null,
        "img_product": "products/Achichuk_Salad.jpg",
        "delivery_time": "15 min"
    }
},
{
    "model": "IshonchEat.menuitem",
    "pk": 18,
    "fields": {
        "restaurant": "cab5895b-00ff-4d69-b924-55df6f626c17",
        "category": 14,
        "name": "Olivier Salad",
        "description": "Classic potato salad with peas, eggs, pickles, and boiled meat.",
        "price": "16000.00",
        "new_price": null,
        "discount": null,
        "discount_status": false,
        "promotion": null,
        "img_product": "products/Olivier_Salad.jpg",
        "delivery_time": "30 min"
    }
},
{
    "model": "IshonchEat.menuitem",
    "pk": 19,
    "fields": {
        "restaurant": "cab5895b-00ff-4d69-b924-55df6f626c17",
        "category": 15,
        "name": "Breads & Somsas",
        "description": "Freshly baked traditional clay-oven flatbread.",
        "price": "4000.00",
        "new_price": null,
        "discount": null,
        "discount_status": false,
        "promotion": null,
        "img_product": "products/Tandir_Obi_Non.jpg",
        "delivery_time": "5 min"
    }
},
{
    "model": "IshonchEat.menuitem",
    "pk": 20,
    "fields": {
        "restaurant": "cab5895b-00ff-4d69-b924-55df6f626c17",
        "category": 15,
        "name": "Beef Tandir Somsa",
        "description": "Flaky pastry filled with chopped beef, onions, and tail fat.",
        "price": "10000.00",
        "new_price": null,
        "discount": null,
        "discount_status": false,
        "promotion": null,
        "img_product": "products/Beef_Tandir_Somsa.jpg",
        "delivery_time": "20 min"
    }
},
{
    "model": "IshonchEat.menuitem",
    "pk": 21,
    "fields": {
        "restaurant": "b640d6eb-43c8-403d-8889-7552471933cd",
        "category": 16,
        "name": "Cappuccino 300ml",
        "description": "Rich espresso with balanced steamed milk and smooth foam.",
        "price": "18000.00",
        "new_price": null,
        "discount": null,
        "discount_status": false,
        "promotion": null,
        "img_product": "products/Cappuccino_300ml.jpg",
        "delivery_time": "10 min"
    }
},
{
    "model": "IshonchEat.menuitem",
    "pk": 22,
    "fields": {
        "restaurant": "b640d6eb-43c8-403d-8889-7552471933cd",
        "category": 16,
        "name": "Americano",
        "description": "Double espresso shot diluted with hot water.",
        "price": "24000.00",
        "new_price": null,
        "discount": null,
        "discount_status": false,
        "promotion": null,
        "img_product": "",
        "delivery_time": "15 min"
    }
},
{
    "model": "IshonchEat.menuitem",
    "pk": 23,
    "fields": {
        "restaurant": "b640d6eb-43c8-403d-8889-7552471933cd",
        "category": 17,
        "name": "Iced Americano\"",
        "description": "",
        "price": "25000.00",
        "new_price": null,
        "discount": null,
        "discount_status": false,
        "promotion": null,
        "img_product": "products/Iced_Americano.jpg",
        "delivery_time": "20"
    }
},
{
    "model": "IshonchEat.menuitem",
    "pk": 24,
    "fields": {
        "restaurant": "b640d6eb-43c8-403d-8889-7552471933cd",
        "category": 17,
        "name": "Bumble Coffee",
        "description": "Layered drink with orange juice, caramel syrup, and espresso.",
        "price": "26000.00",
        "new_price": null,
        "discount": null,
        "discount_status": false,
        "promotion": null,
        "img_product": "products/Bumble_Coffee.jpg",
        "delivery_time": "15 min"
    }
},
{
    "model": "IshonchEat.menuitem",
    "pk": 25,
    "fields": {
        "restaurant": "b640d6eb-43c8-403d-8889-7552471933cd",
        "category": 18,
        "name": "English Breakfast",
        "description": "Two fried eggs, sausages, baked beans, hash browns, and toasted bread.",
        "price": "38000.00",
        "new_price": null,
        "discount": null,
        "discount_status": false,
        "promotion": null,
        "img_product": "products/English_Breakfast.jpg",
        "delivery_time": "25 mins"
    }
},
{
    "model": "IshonchEat.menuitem",
    "pk": 26,
    "fields": {
        "restaurant": "b640d6eb-43c8-403d-8889-7552471933cd",
        "category": 18,
        "name": "Syrniki with Jam (3 pcs)",
        "description": "Traditional fried cottage cheese pancakes served with sweet berry jam.",
        "price": "24000.00",
        "new_price": null,
        "discount": null,
        "discount_status": false,
        "promotion": null,
        "img_product": "products/Syrniki_with_Jam_3_pcs.jpg",
        "delivery_time": "20 min"
    }
},
{
    "model": "IshonchEat.menuitem",
    "pk": 27,
    "fields": {
        "restaurant": "b640d6eb-43c8-403d-8889-7552471933cd",
        "category": 19,
        "name": "Club Sandwich with Fries",
        "description": "Triple-decker bread with grilled chicken, egg, tomato, cheese, and lettuce.",
        "price": "32000.00",
        "new_price": null,
        "discount": null,
        "discount_status": false,
        "promotion": null,
        "img_product": "products/Club_Sandwich_with_Fries.jpg",
        "delivery_time": "30 min"
    }
},
{
    "model": "IshonchEat.menuitem",
    "pk": 28,
    "fields": {
        "restaurant": "b640d6eb-43c8-403d-8889-7552471933cd",
        "category": 19,
        "name": "Tuna Panini",
        "description": "Toasted Italian bread filled with flaked tuna, sweetcorn, and melted mozzarella.",
        "price": "28000.00",
        "new_price": null,
        "discount": null,
        "discount_status": false,
        "promotion": null,
        "img_product": "products/Tuna_Panini.jpg",
        "delivery_time": "20 mins"
    }
},
{
    "model": "IshonchEat.menuitem",
    "pk": 29,
    "fields": {
        "restaurant": "b640d6eb-43c8-403d-8889-7552471933cd",
        "category": 20,
        "name": "Classic Mojito",
        "description": "",
        "price": "20000.00",
        "new_price": null,
        "discount": null,
        "discount_status": false,
        "promotion": null,
        "img_product": "products/Classic_Mojito.jpg",
        "delivery_time": "15 mins"
    }
},
{
    "model": "IshonchEat.menuitem",
    "pk": 30,
    "fields": {
        "restaurant": "b640d6eb-43c8-403d-8889-7552471933cd",
        "category": 20,
        "name": "Strawberry Lemonade",
        "description": "Sweet house-made syrup with fresh lemon juice and crushed strawberries.",
        "price": "22000.00",
        "new_price": null,
        "discount": null,
        "discount_status": false,
        "promotion": null,
        "img_product": "products/Strawberry_Lemonade.jpg",
        "delivery_time": "15 mins"
    }
},
{
    "model": "IshonchEat.menuitem",
    "pk": 31,
    "fields": {
        "restaurant": "cf685e7c-67e4-4b66-bf5d-6507c839692e",
        "category": 21,
        "name": "Butter Croissant",
        "description": "Flaky, golden French puff pastry baked with natural premium butter.",
        "price": "10000.00",
        "new_price": null,
        "discount": null,
        "discount_status": false,
        "promotion": null,
        "img_product": "products/Butter_Croissant.jpg",
        "delivery_time": "15 mins"
    }
},
{
    "model": "IshonchEat.menuitem",
    "pk": 32,
    "fields": {
        "restaurant": "cf685e7c-67e4-4b66-bf5d-6507c839692e",
        "category": 21,
        "name": "Almond Croissant",
        "description": "Flaky croissant topped with almond slices and sweet frangipane cream filling.",
        "price": "16000.00",
        "new_price": null,
        "discount": null,
        "discount_status": false,
        "promotion": null,
        "img_product": "products/Almond_Croissant.jpg",
        "delivery_time": "15 mins"
    }
},
{
    "model": "IshonchEat.menuitem",
    "pk": 33,
    "fields": {
        "restaurant": "cf685e7c-67e4-4b66-bf5d-6507c839692e",
        "category": 22,
        "name": "Red Velvet Slice",
        "description": "Red Velvet Slice",
        "price": "22000.00",
        "new_price": null,
        "discount": null,
        "discount_status": false,
        "promotion": null,
        "img_product": "products/Red_Velvet_Slice.jpg",
        "delivery_time": "15 min"
    }
},
{
    "model": "IshonchEat.menuitem",
    "pk": 34,
    "fields": {
        "restaurant": "cf685e7c-67e4-4b66-bf5d-6507c839692e",
        "category": 22,
        "name": "San Sebastian Cheesecake",
        "description": "Crustless basque burnt cheesecake with a creamy, rich center.",
        "price": "30000.00",
        "new_price": null,
        "discount": null,
        "discount_status": false,
        "promotion": null,
        "img_product": "products/San_Sebastian_Cheesecake.jpg",
        "delivery_time": "15 min"
    }
},
{
    "model": "IshonchEat.menuitem",
    "pk": 35,
    "fields": {
        "restaurant": "cf685e7c-67e4-4b66-bf5d-6507c839692e",
        "category": 23,
        "name": "Classic Vanilla Eclair",
        "description": "",
        "price": "15000.00",
        "new_price": null,
        "discount": null,
        "discount_status": false,
        "promotion": null,
        "img_product": "products/Classic_Vanilla_Eclair.jpg",
        "delivery_time": "15 mins"
    }
},
{
    "model": "IshonchEat.menuitem",
    "pk": 36,
    "fields": {
        "restaurant": "cf685e7c-67e4-4b66-bf5d-6507c839692e",
        "category": 23,
        "name": "Pistachio Eclair",
        "description": "Elongated puff pastry filled with real roasted pistachio nut paste.",
        "price": "15000.00",
        "new_price": null,
        "discount": null,
        "discount_status": false,
        "promotion": null,
        "img_product": "products/Pistachio_Eclair.jpg",
        "delivery_time": "15 mins"
    }
},
{
    "model": "IshonchEat.menuitem",
    "pk": 37,
    "fields": {
        "restaurant": "cf685e7c-67e4-4b66-bf5d-6507c839692e",
        "category": 24,
        "name": "Macaron Box (3 pcs)",
        "description": "Assorted flavors of French almond meringue cookies with ganache filling.",
        "price": "21000.00",
        "new_price": null,
        "discount": null,
        "discount_status": false,
        "promotion": null,
        "img_product": "products/Macaron_Box_3_pcs.jpg",
        "delivery_time": "15 mins"
    }
},
{
    "model": "IshonchEat.menuitem",
    "pk": 38,
    "fields": {
        "restaurant": "cf685e7c-67e4-4b66-bf5d-6507c839692e",
        "category": 24,
        "name": "Chocolate Chip Cookie",
        "description": "Chewy, American-style cookie packed with rich Belgian chocolate chunks.",
        "price": "9000.00",
        "new_price": null,
        "discount": null,
        "discount_status": false,
        "promotion": null,
        "img_product": "products/Chocolate_Chip_Cookie.jpg",
        "delivery_time": "15 mins"
    }
},
{
    "model": "IshonchEat.menuitem",
    "pk": 39,
    "fields": {
        "restaurant": "cf685e7c-67e4-4b66-bf5d-6507c839692e",
        "category": 25,
        "name": "French Baguette",
        "description": "Crispy-crusted long traditional French wheat loaf bread.",
        "price": "6000.00",
        "new_price": null,
        "discount": null,
        "discount_status": false,
        "promotion": null,
        "img_product": "products/French_Baguette.jpg",
        "delivery_time": "20 mins"
    }
},
{
    "model": "IshonchEat.menuitem",
    "pk": 40,
    "fields": {
        "restaurant": "cf685e7c-67e4-4b66-bf5d-6507c839692e",
        "category": 25,
        "name": "Sourdough Bread",
        "description": "Naturally fermented bread loaf with a complex, slightly sour taste profile.",
        "price": "15000.00",
        "new_price": null,
        "discount": null,
        "discount_status": false,
        "promotion": null,
        "img_product": "products/Sourdough_Bread.jpg",
        "delivery_time": "25 mins"
    }
},
{
    "model": "IshonchEat.menuitem",
    "pk": 41,
    "fields": {
        "restaurant": "ff3f081b-3f63-41d1-9d55-c37bc2cbb13c",
        "category": 26,
        "name": "Philadelphia Roll (8 pcs)",
        "description": "Classic roll with fresh Norwegian salmon, rich cream cheese, and crisp cucumber.",
        "price": "60000.00",
        "new_price": null,
        "discount": null,
        "discount_status": false,
        "promotion": null,
        "img_product": "products/Philadelphia_Roll_8_pcs.jpg",
        "delivery_time": "45-55 mins"
    }
},
{
    "model": "IshonchEat.menuitem",
    "pk": 42,
    "fields": {
        "restaurant": "ff3f081b-3f63-41d1-9d55-c37bc2cbb13c",
        "category": 26,
        "name": "California Roll",
        "description": "Crab stick, creamy avocado, cucumber rolled inside bright orange Tobiko flying fish roe.",
        "price": "44000.00",
        "new_price": null,
        "discount": null,
        "discount_status": false,
        "promotion": null,
        "img_product": "products/California_Roll.jpg",
        "delivery_time": "30 mins"
    }
},
{
    "model": "IshonchEat.menuitem",
    "pk": 43,
    "fields": {
        "restaurant": "ff3f081b-3f63-41d1-9d55-c37bc2cbb13c",
        "category": 27,
        "name": "Baked Salmon Volcano",
        "description": "Warm rolls topped with a spicy minced salmon and garlic cheese baking cap.",
        "price": "60000.00",
        "new_price": null,
        "discount": null,
        "discount_status": false,
        "promotion": null,
        "img_product": "products/Baked_Salmon_Volcano.jpg",
        "delivery_time": "35 mins"
    }
},
{
    "model": "IshonchEat.menuitem",
    "pk": 44,
    "fields": {
        "restaurant": "ff3f081b-3f63-41d1-9d55-c37bc2cbb13c",
        "category": 27,
        "name": "Baked Crab Cheese Roll",
        "description": "",
        "price": "58000.00",
        "new_price": null,
        "discount": null,
        "discount_status": false,
        "promotion": null,
        "img_product": "products/Baked_Crab_Cheese_Roll.jpg",
        "delivery_time": "35 mins"
    }
},
{
    "model": "IshonchEat.menuitem",
    "pk": 45,
    "fields": {
        "restaurant": "ff3f081b-3f63-41d1-9d55-c37bc2cbb13c",
        "category": 28,
        "name": "Salmon Nigiri (2 pcs)",
        "description": "Hand-formed seasoned sushi rice blocks topped with fresh cut clean raw salmon slices.",
        "price": "20000.00",
        "new_price": null,
        "discount": null,
        "discount_status": false,
        "promotion": null,
        "img_product": "",
        "delivery_time": "30 mins"
    }
},
{
    "model": "IshonchEat.menuitem",
    "pk": 46,
    "fields": {
        "restaurant": "ff3f081b-3f63-41d1-9d55-c37bc2cbb13c",
        "category": 28,
        "name": "Eel Unagi Nigiri (2 pcs)",
        "description": "Pressed rice pillows topped with roasted sweet freshwater eel strips.",
        "price": "24000.00",
        "new_price": null,
        "discount": null,
        "discount_status": false,
        "promotion": null,
        "img_product": "products/Eel_Unagi_Nigiri_2_pcs.jpg",
        "delivery_time": "20 mins"
    }
},
{
    "model": "IshonchEat.menuitem",
    "pk": 47,
    "fields": {
        "restaurant": "ff3f081b-3f63-41d1-9d55-c37bc2cbb13c",
        "category": 29,
        "name": "Classic Chicken Ramen",
        "description": "Wheat noodles in 12-hour chicken bone broth, soft egg, bamboo shoots, and green onion.",
        "price": "38000.00",
        "new_price": null,
        "discount": null,
        "discount_status": false,
        "promotion": null,
        "img_product": "products/Classic_Chicken_Ramen.jpg",
        "delivery_time": "35 mins"
    }
},
{
    "model": "IshonchEat.menuitem",
    "pk": 48,
    "fields": {
        "restaurant": "ff3f081b-3f63-41d1-9d55-c37bc2cbb13c",
        "category": 29,
        "name": "Spicy Seafood Ramen",
        "description": "Hot miso broth noodle pot packed with tiger prawns, squid loops, and mussels.",
        "price": "48000.00",
        "new_price": null,
        "discount": null,
        "discount_status": false,
        "promotion": null,
        "img_product": "products/Spicy_Seafood_Ramen.jpg",
        "delivery_time": "30 mins"
    }
},
{
    "model": "IshonchEat.menuitem",
    "pk": 49,
    "fields": {
        "restaurant": "ff3f081b-3f63-41d1-9d55-c37bc2cbb13c",
        "category": 30,
        "name": "Salted Edamame Beans",
        "description": "Steamed unpeeled whole green soybean pods tossed with coarse sea salt flakes.",
        "price": "14000.00",
        "new_price": null,
        "discount": null,
        "discount_status": false,
        "promotion": null,
        "img_product": "products/Salted_Edamame_Beans.jpg",
        "delivery_time": "15 mins"
    }
},
{
    "model": "IshonchEat.menuitem",
    "pk": 50,
    "fields": {
        "restaurant": "ff3f081b-3f63-41d1-9d55-c37bc2cbb13c",
        "category": 30,
        "name": "Chuka Seaweed Salad",
        "description": "Chilled marine seaweed ribbons tossed with nutty sesame oil and peanut dressing.",
        "price": "28000.00",
        "new_price": null,
        "discount": null,
        "discount_status": false,
        "promotion": null,
        "img_product": "products/Chuka_Seaweed_Salad.jpg",
        "delivery_time": "15 mins"
    }
},
{
    "model": "IshonchEat.menuitem",
    "pk": 51,
    "fields": {
        "restaurant": "1aedd985-e729-47ee-af9d-727c8ac8a5c8",
        "category": 31,
        "name": "Fried Guyru Lagman",
        "description": "Thick hand-pulled noodles stir-fried with juicy beef cuts, bell peppers, Chinese cabbage, and garlic shoots.",
        "price": "34000.00",
        "new_price": null,
        "discount": null,
        "discount_status": false,
        "promotion": null,
        "img_product": "products/Fried_Guyru_Lagman.jpg",
        "delivery_time": "30 mins"
    }
},
{
    "model": "IshonchEat.menuitem",
    "pk": 52,
    "fields": {
        "restaurant": "1aedd985-e729-47ee-af9d-727c8ac8a5c8",
        "category": 31,
        "name": "Liquid Soyru Lagman",
        "description": "Traditional hand-stretched noodle soup with rich aromatic vegetable beef gravy broth stew.",
        "price": "31000.00",
        "new_price": null,
        "discount": null,
        "discount_status": false,
        "promotion": null,
        "img_product": "products/Liquid_Soyru_Lagman.jpg",
        "delivery_time": "30 mins"
    }
},
{
    "model": "IshonchEat.menuitem",
    "pk": 53,
    "fields": {
        "restaurant": "1aedd985-e729-47ee-af9d-727c8ac8a5c8",
        "category": 32,
        "name": "Chicken Pad Thai",
        "description": "Flat rice noodles stir-fried with chicken, scrambled egg, bean sprouts, and crushed peanuts.",
        "price": "32000.00",
        "new_price": null,
        "discount": null,
        "discount_status": false,
        "promotion": null,
        "img_product": "products/Chicken_Pad_Thai.jpg",
        "delivery_time": "25 mins"
    }
},
{
    "model": "IshonchEat.menuitem",
    "pk": 54,
    "fields": {
        "restaurant": "1aedd985-e729-47ee-af9d-727c8ac8a5c8",
        "category": 32,
        "name": "Spicy Singapore Rice Noodles",
        "description": "Thin vermicelli glass noodles wok tossed with yellow curry powder seasoning and shrimp.",
        "price": "39000.00",
        "new_price": null,
        "discount": null,
        "discount_status": false,
        "promotion": null,
        "img_product": "products/Spicy_Singapore_Rice_Noodles.jpg",
        "delivery_time": "25 mins"
    }
},
{
    "model": "IshonchEat.menuitem",
    "pk": 55,
    "fields": {
        "restaurant": "1aedd985-e729-47ee-af9d-727c8ac8a5c8",
        "category": 33,
        "name": "Steamed Khanum (3 pcs)",
        "description": "Thin rolled dough layers packed with finely grated potatoes, onions, and beef fats.",
        "price": "18000.00",
        "new_price": null,
        "discount": null,
        "discount_status": false,
        "promotion": null,
        "img_product": "products/Steamed_Khanum_3_pcs.jpg",
        "delivery_time": "25 mins"
    }
},
{
    "model": "IshonchEat.menuitem",
    "pk": 56,
    "fields": {
        "restaurant": "1aedd985-e729-47ee-af9d-727c8ac8a5c8",
        "category": 33,
        "name": "Shrimp Dim Sum Steamed (4 pcs)",
        "description": "Translucent Chinese wheat skin pouches packing whole sweet pink shrimp inside cores.",
        "price": "28000.00",
        "new_price": null,
        "discount": null,
        "discount_status": false,
        "promotion": null,
        "img_product": "products/Shrimp_Dim_Sum_Steamed_4_pcs.jpg",
        "delivery_time": "25 mins"
    }
},
{
    "model": "IshonchEat.menuitem",
    "pk": 57,
    "fields": {
        "restaurant": "1aedd985-e729-47ee-af9d-727c8ac8a5c8",
        "category": 34,
        "name": "Schezwan Fried Rice Beef",
        "description": "Wok-fried jasmine rice grains seasoned with red szechuan chili paste oil and shredded flank steak.",
        "price": "29000.00",
        "new_price": null,
        "discount": null,
        "discount_status": false,
        "promotion": null,
        "img_product": "products/Schezwan_Fried_Rice_Beef.jpg",
        "delivery_time": "25 mins"
    }
},
{
    "model": "IshonchEat.menuitem",
    "pk": 58,
    "fields": {
        "restaurant": "1aedd985-e729-47ee-af9d-727c8ac8a5c8",
        "category": 34,
        "name": "Kung Pao Chicken Rice Bowl",
        "description": "White rice topped with stir-fried diced chicken, dry red chilis, and roasted crunchy peanuts.",
        "price": "32000.00",
        "new_price": null,
        "discount": null,
        "discount_status": false,
        "promotion": null,
        "img_product": "",
        "delivery_time": "35 mins"
    }
},
{
    "model": "IshonchEat.menuitem",
    "pk": 59,
    "fields": {
        "restaurant": "1aedd985-e729-47ee-af9d-727c8ac8a5c8",
        "category": 35,
        "name": "Green Jasmine Loose Tea Pot",
        "description": "Fragrant steamed green tea leaves infused with natural dried white jasmine flower buds.",
        "price": "10000.00",
        "new_price": null,
        "discount": null,
        "discount_status": false,
        "promotion": null,
        "img_product": "products/Green_Jasmine_Loose_Tea_Pot.jpg",
        "delivery_time": "15 mins"
    }
},
{
    "model": "IshonchEat.menuitem",
    "pk": 60,
    "fields": {
        "restaurant": "1aedd985-e729-47ee-af9d-727c8ac8a5c8",
        "category": 35,
        "name": "Ginseng Oolong Energizer",
        "description": "Premium semi-oxidized blue-green tea leaves rolled with grounding powdered ginseng roots.",
        "price": "12000.00",
        "new_price": null,
        "discount": null,
        "discount_status": false,
        "promotion": null,
        "img_product": "products/Ginseng_Oolong_Energizer.jpg",
        "delivery_time": "15 mins"
    }
},
{
    "model": "IshonchEat.menuitem",
    "pk": 61,
    "fields": {
        "restaurant": "82c5dc7d-7d27-411c-86c7-83cc1bc935d0",
        "category": 36,
        "name": "Margherita Classica",
        "description": "San Marzano tomato base, fresh mozzarella fior di latte, extra virgin olive oil, and fresh basil leaves.",
        "price": "45000.00",
        "new_price": null,
        "discount": null,
        "discount_status": false,
        "promotion": null,
        "img_product": "products/Margherita_Classica.jpg",
        "delivery_time": "25 mins"
    }
},
{
    "model": "IshonchEat.menuitem",
    "pk": 62,
    "fields": {
        "restaurant": "82c5dc7d-7d27-411c-86c7-83cc1bc935d0",
        "category": 36,
        "name": "Pepperoni Piccante",
        "description": "Classic thin crust topped with spicy Italian salami medallions, tomato base, and mozzarella layer sheets.",
        "price": "68000.00",
        "new_price": null,
        "discount": null,
        "discount_status": false,
        "promotion": null,
        "img_product": "products/Pepperoni_Piccante.jpg",
        "delivery_time": "30 mins"
    }
},
{
    "model": "IshonchEat.menuitem",
    "pk": 63,
    "fields": {
        "restaurant": "82c5dc7d-7d27-411c-86c7-83cc1bc935d0",
        "category": 37,
        "name": "Spaghetti alla Bolognese",
        "description": "Al dente spaghetti noodles tossed in a rich, 4-hour slow simmered ground beef tomato ragu sauce base.",
        "price": "42000.00",
        "new_price": null,
        "discount": null,
        "discount_status": false,
        "promotion": null,
        "img_product": "",
        "delivery_time": "30 mins"
    }
},
{
    "model": "IshonchEat.menuitem",
    "pk": 64,
    "fields": {
        "restaurant": "82c5dc7d-7d27-411c-86c7-83cc1bc935d0",
        "category": 37,
        "name": "Fettuccine Carbonara Genuine",
        "description": "",
        "price": "46000.00",
        "new_price": null,
        "discount": null,
        "discount_status": false,
        "promotion": null,
        "img_product": "",
        "delivery_time": "30 mins"
    }
},
{
    "model": "IshonchEat.menuitem",
    "pk": 65,
    "fields": {
        "restaurant": "82c5dc7d-7d27-411c-86c7-83cc1bc935d0",
        "category": 38,
        "name": "Risotto ai Funghi Porcini",
        "description": "Creamy slow-cooked Italian arborio rice infused with rich wild porcini mushroom broth and truffle oil essence.",
        "price": "59000.00",
        "new_price": null,
        "discount": null,
        "discount_status": false,
        "promotion": null,
        "img_product": "products/Risotto_ai_Funghi_Porcini.jpg",
        "delivery_time": "25 mins"
    }
},
{
    "model": "IshonchEat.menuitem",
    "pk": 66,
    "fields": {
        "restaurant": "82c5dc7d-7d27-411c-86c7-83cc1bc935d0",
        "category": 38,
        "name": "Risotto Milanese Saffron",
        "description": "Golden arborio rice grain cookery illuminated and flavored with real luxury saffron stigma spice and butter folds.",
        "price": "55000.00",
        "new_price": null,
        "discount": null,
        "discount_status": false,
        "promotion": null,
        "img_product": "products/Risotto_Milanese_Saffron.jpg",
        "delivery_time": "25 mins"
    }
},
{
    "model": "IshonchEat.menuitem",
    "pk": 67,
    "fields": {
        "restaurant": "82c5dc7d-7d27-411c-86c7-83cc1bc935d0",
        "category": 39,
        "name": "Tomato Basil Bruschetta (3 pcs)",
        "description": "",
        "price": "38000.00",
        "new_price": null,
        "discount": null,
        "discount_status": false,
        "promotion": null,
        "img_product": "products/Tomato_Basil_Bruschetta_3_pcs.jpg",
        "delivery_time": "30 mins"
    }
},
{
    "model": "IshonchEat.menuitem",
    "pk": 68,
    "fields": {
        "restaurant": "82c5dc7d-7d27-411c-86c7-83cc1bc935d0",
        "category": 39,
        "name": "Caprese Plate",
        "description": "Alternating slices of fresh soft buffalo mozzarella cheese rounds and beefsteak tomatoes drizzled with green basil oil.",
        "price": "28000.00",
        "new_price": null,
        "discount": null,
        "discount_status": false,
        "promotion": null,
        "img_product": "products/Caprese_Plate.jpg",
        "delivery_time": "24 mins"
    }
},
{
    "model": "IshonchEat.menuitem",
    "pk": 69,
    "fields": {
        "restaurant": "82c5dc7d-7d27-411c-86c7-83cc1bc935d0",
        "category": 40,
        "name": "Mediterranean Rucola Salad",
        "description": "Peppery fresh arugula wild rocket greens tossed with shaved parmesan sheets, pine nuts, and balsamic vinaigrette.",
        "price": "24000.00",
        "new_price": null,
        "discount": null,
        "discount_status": false,
        "promotion": null,
        "img_product": "products/Mediterranean_Rucola_Salad.jpg",
        "delivery_time": "23 mins"
    }
},
{
    "model": "IshonchEat.menuitem",
    "pk": 70,
    "fields": {
        "restaurant": "82c5dc7d-7d27-411c-86c7-83cc1bc935d0",
        "category": 40,
        "name": "Italian Green House Salad",
        "description": "Mixed lettuce greens, black kalamata olive stones, red onion hoops, and feta cubes tossed in red wine vinegar dressing.",
        "price": "20000.00",
        "new_price": null,
        "discount": null,
        "discount_status": false,
        "promotion": null,
        "img_product": "products/Italian_Green_House_Salad.jpg",
        "delivery_time": "20 mins"
    }
},
{
    "model": "IshonchEat.menuitem",
    "pk": 71,
    "fields": {
        "restaurant": "60dc5be6-867b-4ed9-ac79-847c8a5e3f4d",
        "category": 41,
        "name": "Iskender Kebab Plate",
        "description": "Thinly sliced beef doner meat laid over torn pide bread pieces, drenched in hot tomato sauce and melted sheep butter cream, served with Greek yogurt.",
        "price": "54000.00",
        "new_price": null,
        "discount": null,
        "discount_status": false,
        "promotion": null,
        "img_product": "products/Iskender_Kebab_Plate.jpg",
        "delivery_time": "30 mins"
    }
},
{
    "model": "IshonchEat.menuitem",
    "pk": 72,
    "fields": {
        "restaurant": "60dc5be6-867b-4ed9-ac79-847c8a5e3f4d",
        "category": 41,
        "name": "Adana Kebab Skewer",
        "description": "Spicy long hand-minced lamb meat skewer kneaded with red bell peppers and local Turkish flakes, grilled over charcoal grills.",
        "price": "58000.00",
        "new_price": null,
        "discount": null,
        "discount_status": false,
        "promotion": null,
        "img_product": "products/Adana_Kebab_Skewer.jpg",
        "delivery_time": "14 mins"
    }
},
{
    "model": "IshonchEat.menuitem",
    "pk": 73,
    "fields": {
        "restaurant": "60dc5be6-867b-4ed9-ac79-847c8a5e3f4d",
        "category": 42,
        "name": "Beef Doner Wrap (Durum)",
        "description": "Thin shaved Turkish beef doner meat wrapped in warm lavash sheet alongside tomatoes, lettuce, and special onion spices.",
        "price": "38000.00",
        "new_price": null,
        "discount": null,
        "discount_status": false,
        "promotion": null,
        "img_product": "products/Beef_Doner_Wrap_Durum.jpg",
        "delivery_time": "23 mins"
    }
},
{
    "model": "IshonchEat.menuitem",
    "pk": 74,
    "fields": {
        "restaurant": "60dc5be6-867b-4ed9-ac79-847c8a5e3f4d",
        "category": 42,
        "name": "Kusbasili Pide Flatbread",
        "description": "Boat-shaped Turkish baked dough flatbread topped with fine small cubes of beef meat, green peppers, and tomatoes.",
        "price": "36000.00",
        "new_price": null,
        "discount": null,
        "discount_status": false,
        "promotion": null,
        "img_product": "products/Kusbasili_Pide_Flatbread.jpg",
        "delivery_time": "31 mins"
    }
},
{
    "model": "IshonchEat.menuitem",
    "pk": 75,
    "fields": {
        "restaurant": "60dc5be6-867b-4ed9-ac79-847c8a5e3f4d",
        "category": 43,
        "name": "Hummus Plate Smooth",
        "description": "Creamy pureed chickpeas spread mixed with tahini sesame paste, lemon juices, olive oil pool, and chickpeas.",
        "price": "26000.00",
        "new_price": null,
        "discount": null,
        "discount_status": false,
        "promotion": null,
        "img_product": "products/Hummus_Plate_Smooth.jpg",
        "delivery_time": "26 mins"
    }
},
{
    "model": "IshonchEat.menuitem",
    "pk": 76,
    "fields": {
        "restaurant": "60dc5be6-867b-4ed9-ac79-847c8a5e3f4d",
        "category": 43,
        "name": "Haydari Yogurt Dip",
        "description": "Haydari Yogurt Dip\", \"description\": \"Thick strained labneh yogurt mixture containing garlic, dill weed herb fragments, and butter melted mint traces.",
        "price": "24000.00",
        "new_price": null,
        "discount": null,
        "discount_status": false,
        "promotion": null,
        "img_product": "products/Haydari_Yogurt_Dip.jpg",
        "delivery_time": "15 mins"
    }
},
{
    "model": "IshonchEat.menuitem",
    "pk": 77,
    "fields": {
        "restaurant": "60dc5be6-867b-4ed9-ac79-847c8a5e3f4d",
        "category": 44,
        "name": "Pistachio Baklava (2 pcs)",
        "description": "Pistachio Baklava (2 pcs)\", \"description\": \"Sweet layered rich pastry sheets filled with crushed green pistachio nuts, bound with thick sugar syrup.",
        "price": "27000.00",
        "new_price": null,
        "discount": null,
        "discount_status": false,
        "promotion": null,
        "img_product": "products/Pistachio_Baklava_2_pcs.jpg",
        "delivery_time": "15 mins"
    }
},
{
    "model": "IshonchEat.menuitem",
    "pk": 78,
    "fields": {
        "restaurant": "60dc5be6-867b-4ed9-ac79-847c8a5e3f4d",
        "category": 44,
        "name": "Hot Kunefe Dessert",
        "description": "Crispy shredded kadayif wheat dough crust enclosing unsalted stringy cheese cores, soaked in sweet syrup and served hot.",
        "price": "28000.00",
        "new_price": null,
        "discount": null,
        "discount_status": false,
        "promotion": null,
        "img_product": "products/Hot_Kunefe_Dessert.jpg",
        "delivery_time": "14 mins"
    }
},
{
    "model": "IshonchEat.menuitem",
    "pk": 79,
    "fields": {
        "restaurant": "60dc5be6-867b-4ed9-ac79-847c8a5e3f4d",
        "category": 45,
        "name": "Salty Frothy Ayran Glass",
        "description": "Whisked traditional cold savory liquid yogurt drink containing pristine mountain water elements and salt flakes.",
        "price": "60000.00",
        "new_price": null,
        "discount": null,
        "discount_status": false,
        "promotion": null,
        "img_product": "products/Salty_Frothy_Ayran_Glass.jpg",
        "delivery_time": "23 mins"
    }
},
{
    "model": "IshonchEat.menuitem",
    "pk": 80,
    "fields": {
        "restaurant": "60dc5be6-867b-4ed9-ac79-847c8a5e3f4d",
        "category": 45,
        "name": "Traditional Turkish Tea Glass",
        "description": "Strong, dark ruby red tea brewed in a double-tiered teapot, served in a traditional small tulip glass.",
        "price": "16000.00",
        "new_price": null,
        "discount": null,
        "discount_status": false,
        "promotion": null,
        "img_product": "products/Traditional_Turkish_Tea_Glass.jpg",
        "delivery_time": "12 mins"
    }
},
{
    "model": "IshonchEat.menuitem",
    "pk": 81,
    "fields": {
        "restaurant": "1ca6cec2-9578-4551-8b27-6bad06512771",
        "category": 46,
        "name": "Double Scoop Waffle Cone",
        "description": "Choose any two flavors of dense authentic Italian milk gelato inside a house baked sweet waffle cone.",
        "price": "18000.00",
        "new_price": null,
        "discount": null,
        "discount_status": false,
        "promotion": null,
        "img_product": "products/Double_Scoop_Waffle_Cone.jpg",
        "delivery_time": "23 mins"
    }
},
{
    "model": "IshonchEat.menuitem",
    "pk": 82,
    "fields": {
        "restaurant": "1ca6cec2-9578-4551-8b27-6bad06512771",
        "category": 46,
        "name": "Sicilian Pistachio Gelato Tub",
        "description": "Gelato cup scoop packed with paste imported directly from real roasted Sicilian pistachio crops.",
        "price": "12000.00",
        "new_price": null,
        "discount": null,
        "discount_status": false,
        "promotion": null,
        "img_product": "products/Sicilian_Pistachio_Gelato_Tub.jpg",
        "delivery_time": "15 mins"
    }
},
{
    "model": "IshonchEat.menuitem",
    "pk": 83,
    "fields": {
        "restaurant": "1ca6cec2-9578-4551-8b27-6bad06512771",
        "category": 47,
        "name": "Nutella & Banana Waffle",
        "description": "Thick grid-patterned warm Belgian waffle sheet covered in hazelnut Nutella paste and fresh banana rounds.",
        "price": "24000.00",
        "new_price": null,
        "discount": null,
        "discount_status": false,
        "promotion": null,
        "img_product": "products/Nutella__Banana_Waffle.jpg",
        "delivery_time": "13 min"
    }
},
{
    "model": "IshonchEat.menuitem",
    "pk": 84,
    "fields": {
        "restaurant": "1ca6cec2-9578-4551-8b27-6bad06512771",
        "category": 47,
        "name": "Strawberries & Cream Waffle",
        "description": "Fresh square grid baked waffle topped with sliced red strawberries, powdered sugars, and whipped cream snow cascades.",
        "price": "36000.00",
        "new_price": null,
        "discount": null,
        "discount_status": false,
        "promotion": null,
        "img_product": "",
        "delivery_time": "34 mins"
    }
},
{
    "model": "IshonchEat.menuitem",
    "pk": 85,
    "fields": {
        "restaurant": "1ca6cec2-9578-4551-8b27-6bad06512771",
        "category": 48,
        "name": "French Crepe with Chocolate",
        "description": "Ultra thin paper-style folded French egg pancake envelope drenched with liquid milk chocolate ribbons inside out.",
        "price": "36000.00",
        "new_price": null,
        "discount": null,
        "discount_status": false,
        "promotion": null,
        "img_product": "products/French_Crepe_with_Chocolate.jpg",
        "delivery_time": "28 mins"
    }
},
{
    "model": "IshonchEat.menuitem",
    "pk": 86,
    "fields": {
        "restaurant": "1ca6cec2-9578-4551-8b27-6bad06512771",
        "category": 48,
        "name": "Honey & Walnut Enveloped Crepe",
        "description": "Thin circular folded crepe pocket stuffed with mountain flower honey streams and crushed walnut bits.",
        "price": "38000.00",
        "new_price": null,
        "discount": null,
        "discount_status": false,
        "promotion": null,
        "img_product": "products/Honey__Walnut_Enveloped_Crepe.jpg",
        "delivery_time": "34 mins"
    }
},
{
    "model": "IshonchEat.menuitem",
    "pk": 87,
    "fields": {
        "restaurant": "1ca6cec2-9578-4551-8b27-6bad06512771",
        "category": 49,
        "name": "Oreo Crunch Monster Shake",
        "description": "Thick blended milk ice cream shake with crushed cookies inside a vanilla rimmed cup.",
        "price": "32000.00",
        "new_price": null,
        "discount": null,
        "discount_status": false,
        "promotion": null,
        "img_product": "products/Oreo_Crunch_Monster_Shake.jpg",
        "delivery_time": "35 min"
    }
},
{
    "model": "IshonchEat.menuitem",
    "pk": 88,
    "fields": {
        "restaurant": "1ca6cec2-9578-4551-8b27-6bad06512771",
        "category": 49,
        "name": "Strawberry Fields Milkshake",
        "description": "Creamy shake blended with natural whole milk cream components and ripe red garden strawberry pulps.",
        "price": "38000.00",
        "new_price": null,
        "discount": null,
        "discount_status": false,
        "promotion": null,
        "img_product": "products/Strawberry_Fields_Milkshake.jpg",
        "delivery_time": "35 mins"
    }
},
{
    "model": "IshonchEat.menuitem",
    "pk": 89,
    "fields": {
        "restaurant": "1ca6cec2-9578-4551-8b27-6bad06512771",
        "category": 50,
        "name": "Italian Thick Hot Chocolate",
        "description": "Thick, dark cocoa liquid beverage cooked down until rich and pudding-like, served hot in a mug.",
        "price": "26000.00",
        "new_price": null,
        "discount": null,
        "discount_status": false,
        "promotion": null,
        "img_product": "products/Italian_Thick_Hot_Chocolate.jpg",
        "delivery_time": "48 mins"
    }
},
{
    "model": "IshonchEat.menuitem",
    "pk": 90,
    "fields": {
        "restaurant": "1ca6cec2-9578-4551-8b27-6bad06512771",
        "category": 50,
        "name": "Affogato al Caffe Classic",
        "description": "A single scoop of cold milk vanilla gelato drowned under a hot shot of freshly pulled dark espresso.",
        "price": "35000.00",
        "new_price": null,
        "discount": null,
        "discount_status": false,
        "promotion": null,
        "img_product": "products/Affogato_al_Caffe_Classic.jpg",
        "delivery_time": "12 mins"
    }
},
{
    "model": "IshonchEat.menuitem",
    "pk": 91,
    "fields": {
        "restaurant": "63a5fbf4-3b6f-4a8c-8b9e-668b86ed6a0e",
        "category": 6,
        "name": "Pure Green Detox",
        "description": "Crisp green apple, fresh celery, cucumber, spinach, and a hint of lime.",
        "price": "22000.00",
        "new_price": null,
        "discount": null,
        "discount_status": false,
        "promotion": null,
        "img_product": "products/Pure_Green_Detox.jpg",
        "delivery_time": "15 mins"
    }
},
{
    "model": "IshonchEat.menuitem",
    "pk": 92,
    "fields": {
        "restaurant": "63a5fbf4-3b6f-4a8c-8b9e-668b86ed6a0e",
        "category": 6,
        "name": "Sweet Apple Carrot Blend",
        "description": "Freshly crushed field carrots and sweet red apples balanced with a touch of mint.",
        "price": "39000.00",
        "new_price": null,
        "discount": null,
        "discount_status": false,
        "promotion": null,
        "img_product": "products/Sweet_Apple_Carrot_Blend.jpg",
        "delivery_time": "12 mins"
    }
},
{
    "model": "IshonchEat.menuitem",
    "pk": 93,
    "fields": {
        "restaurant": "63a5fbf4-3b6f-4a8c-8b9e-668b86ed6a0e",
        "category": 7,
        "name": "Orange Sunshine Press",
        "description": "100% pure premium oranges squeezed daily, bursting with natural Vitamin C.",
        "price": "38000.00",
        "new_price": null,
        "discount": null,
        "discount_status": false,
        "promotion": null,
        "img_product": "products/Orange_Sunshine_Press.jpg",
        "delivery_time": "23 mins"
    }
},
{
    "model": "IshonchEat.menuitem",
    "pk": 94,
    "fields": {
        "restaurant": "63a5fbf4-3b6f-4a8c-8b9e-668b86ed6a0e",
        "category": 7,
        "name": "Grapefruit Zing",
        "description": "Tart and refreshing pink grapefruit juice cold-pressed with a light honey drizzle.",
        "price": "28000.00",
        "new_price": null,
        "discount": null,
        "discount_status": false,
        "promotion": null,
        "img_product": "products/Grapefruit_Zing.jpg",
        "delivery_time": "19 min"
    }
},
{
    "model": "IshonchEat.menuitem",
    "pk": 95,
    "fields": {
        "restaurant": "63a5fbf4-3b6f-4a8c-8b9e-668b86ed6a0e",
        "category": 8,
        "name": "Classic Brown Sugar Milk Tea",
        "description": "Rich black tea infused with creamy milk, layered with brown sugar syrup streaks and chewy tapioca pearls.",
        "price": "36000.00",
        "new_price": null,
        "discount": null,
        "discount_status": false,
        "promotion": null,
        "img_product": "products/Classic_Brown_Sugar_Milk_Tea.jpg",
        "delivery_time": "29 mins"
    }
},
{
    "model": "IshonchEat.menuitem",
    "pk": 96,
    "fields": {
        "restaurant": "63a5fbf4-3b6f-4a8c-8b9e-668b86ed6a0e",
        "category": 8,
        "name": "Taro Cream Bubble Tea",
        "description": "Sweet, nutty purple taro root blend served ice-cold with sweet brown pearls.",
        "price": "28000.00",
        "new_price": null,
        "discount": null,
        "discount_status": false,
        "promotion": null,
        "img_product": "products/Taro_Cream_Bubble_Tea.jpg",
        "delivery_time": "23 mins"
    }
},
{
    "model": "IshonchEat.menuitem",
    "pk": 97,
    "fields": {
        "restaurant": "63a5fbf4-3b6f-4a8c-8b9e-668b86ed6a0e",
        "category": 9,
        "name": "Salted Caramel Iced Latte",
        "description": "Double shot of rich espresso, chilled milk, and sweet caramel sauce with a pinch of sea salt.",
        "price": "32000.00",
        "new_price": null,
        "discount": null,
        "discount_status": false,
        "promotion": null,
        "img_product": "products/Salted_Caramel_Iced_Latte.jpg",
        "delivery_time": "23 mins"
    }
},
{
    "model": "IshonchEat.menuitem",
    "pk": 98,
    "fields": {
        "restaurant": "63a5fbf4-3b6f-4a8c-8b9e-668b86ed6a0e",
        "category": 9,
        "name": "Cookies & Cream Frappe",
        "description": "Blended ice coffee beverage loaded with chocolate cookies, whipped cream, and dark fudge lines.",
        "price": "30000.00",
        "new_price": null,
        "discount": null,
        "discount_status": false,
        "promotion": null,
        "img_product": "products/Cookies__Cream_Frappe.jpg",
        "delivery_time": "15 mins"
    }
},
{
    "model": "IshonchEat.menuitem",
    "pk": 99,
    "fields": {
        "restaurant": "63a5fbf4-3b6f-4a8c-8b9e-668b86ed6a0e",
        "category": 10,
        "name": "Fiery Ginger Lemon Shot (60ml)",
        "description": "Concentrated cold-pressed yellow ginger root juice mixed with tart lemon and cayenne pepper.",
        "price": "30000.00",
        "new_price": null,
        "discount": null,
        "discount_status": false,
        "promotion": null,
        "img_product": "products/Fiery_Ginger_Lemon_Shot_60ml.jpg",
        "delivery_time": "23 min"
    }
},
{
    "model": "IshonchEat.menuitem",
    "pk": 100,
    "fields": {
        "restaurant": "63a5fbf4-3b6f-4a8c-8b9e-668b86ed6a0e",
        "category": 10,
        "name": "Ginger Turmeric Immunity Shot",
        "description": "",
        "price": "22000.00",
        "new_price": null,
        "discount": null,
        "discount_status": false,
        "promotion": null,
        "img_product": "products/Ginger_Turmeric_Immunity_Shot.jpg",
        "delivery_time": "15 mins"
    }
}
]
